{"type":"FeatureCollection","features":[{"type":"Feature","geometry":{"type":"Polygon","coordinates":[[[25.0418846,48.5237933],[25.0418938,48.5235737],[25.0417429,48.5235709],[25.0417379,48.5236906],[25.0415232,48.5236867],[25.0415258,48.5236242],[25.0413796,48.5236216],[25.0413769,48.5236848],[25.0411192,48.5236801],[25.0411223,48.5236052],[25.0412179,48.5236069],[25.0412195,48.5235678],[25.0412252,48.5235679],[25.041226,48.5234515],[25.0411259,48.5234506],[25.041129,48.5233769],[25.0414134,48.5233821],[25.0414129,48.5233922],[25.0414832,48.5233935],[25.0414879,48.523282],[25.0409838,48.5232728],[25.0409627,48.5237765],[25.0418846,48.5237933]]]},"properties":{"id":"48.52352,25.04106","name":"Ц. К. Ґімназія","address":"Адама Міцкевича, 1","period":"1772—1865","color":"darkred"}},{"type":"Feature","geometry":{"type":"Polygon","coordinates":[[[25.0407316,48.5220983],[25.0407459,48.5220542],[25.0407293,48.5220518],[25.0407425,48.522011],[25.0405974,48.5219903],[25.0405838,48.5220321],[25.0405292,48.5220244],[25.0405152,48.5220676],[25.0407316,48.5220983]]]},"properties":{"id":"48.52204,25.04067","name":"Будинок","address":"Адама Міцкевича, 10","period":null,"color":"gold"}},{"type":"Feature","geometry":{"type":"Polygon","coordinates":[[[25.053511,48.5154783],[25.0534367,48.5155041],[25.0534749,48.5155522],[25.0535833,48.5155145],[25.0535952,48.5155103],[25.0535654,48.5154727],[25.0535193,48.5154887],[25.053511,48.5154783]]]},"properties":{"id":"48.51553,25.05352","name":"Садиба","address":"Адама Міцкевича, 103","period":null,"color":"gold"}},{"type":"Feature","geometry":{"type":"Polygon","coordinates":[[[25.0545112,48.5151033],[25.0544492,48.5150275],[25.054571,48.5149838],[25.0546193,48.5150428],[25.0546432,48.5150342],[25.0546569,48.515051],[25.0545112,48.5151033]]]},"properties":{"id":"48.51504,25.05454","name":"Будинок","address":"Адама Міцкевича, 109","period":null,"color":"gold"}},{"type":"Feature","geometry":{"type":"Polygon","coordinates":[[[25.0594793,48.5132934],[25.0594696,48.5132783],[25.0594228,48.5132915],[25.05939,48.5132404],[25.0594307,48.5132289],[25.0594052,48.5131892],[25.0595013,48.5131621],[25.0595575,48.5132497],[25.059514,48.5132619],[25.0595257,48.5132803],[25.0594793,48.5132934]]]},"properties":{"id":"48.51323,25.05948","name":"Будинок","address":"Адама Міцкевича, 118","period":null,"color":"gold"}},{"type":"Feature","geometry":{"type":"Polygon","coordinates":[[[25.0576589,48.5143042],[25.0576312,48.5142629],[25.0576225,48.5142655],[25.0575853,48.51421],[25.0576632,48.514187],[25.0576563,48.5141768],[25.057705,48.5141625],[25.0577103,48.5141703],[25.05777,48.5141527],[25.0578067,48.5142075],[25.057707,48.5142369],[25.0577368,48.5142813],[25.0576589,48.5143042]]]},"properties":{"id":"48.5142,25.05769","name":"Будинок","address":"Адама Міцкевича, 119","period":null,"color":"gold"}},{"type":"Feature","geometry":{"type":"Polygon","coordinates":[[[25.0600796,48.5130693],[25.0600196,48.5129816],[25.0601469,48.5129438],[25.0602,48.5130207],[25.0601267,48.5130424],[25.0601346,48.5130524],[25.0600796,48.5130693]]]},"properties":{"id":"48.513,25.06011","name":"Будинок","address":"Адама Міцкевича, 122","period":null,"color":"gold"}},{"type":"Feature","geometry":{"type":"Polygon","coordinates":[[[25.0413166,48.5224078],[25.041338,48.5223634],[25.0413541,48.5223652],[25.0413756,48.5223119],[25.0414158,48.522319],[25.0414319,48.5222799],[25.041212,48.522239],[25.041153,48.5223758],[25.0413166,48.5224078]]]},"properties":{"id":"48.52233,25.04127","name":"Будинок","address":"Адама Міцкевича, 13","period":"1866—1913","color":"#B22222"}},{"type":"Feature","geometry":{"type":"Polygon","coordinates":[[[25.0588412,48.5137975],[25.0588304,48.513778],[25.0587875,48.5137887],[25.0587541,48.5137242],[25.0588702,48.5136967],[25.0589143,48.5137807],[25.0588412,48.5137975]]]},"properties":{"id":"48.51375,25.05883","name":"Будинок","address":"Адама Міцкевича, 131","period":null,"color":"gold"}},{"type":"Feature","geometry":{"type":"Polygon","coordinates":[[[25.0594652,48.5136288],[25.0594485,48.5136041],[25.0593884,48.513622],[25.0593811,48.5136111],[25.0593589,48.5136177],[25.0592854,48.5135092],[25.0593616,48.5134866],[25.0593677,48.5134955],[25.059445,48.5134725],[25.0595365,48.5136076],[25.0594652,48.5136288]]]},"properties":{"id":"48.51355,25.05941","name":"Будинок","address":"Адама Міцкевича, 133","period":null,"color":"gold"}},{"type":"Feature","geometry":{"type":"Polygon","coordinates":[[[25.0607504,48.5131274],[25.0607781,48.5131787],[25.0608479,48.5131621],[25.0607848,48.5130453],[25.0606351,48.5130808],[25.0606705,48.5131463],[25.0607504,48.5131274]]]},"properties":{"id":"48.5131,25.06073","name":"Будинок","address":"Адама Міцкевича, 141а","period":null,"color":"gold"}},{"type":"Feature","geometry":{"type":"Polygon","coordinates":[[[25.0413982,48.5221942],[25.0414089,48.5221506],[25.0414257,48.5221524],[25.0414299,48.5221351],[25.0414406,48.5220915],[25.0412677,48.5220729],[25.0412422,48.5221775],[25.0413982,48.5221942]]]},"properties":{"id":"48.52214,25.04133","name":"Будинок","address":"Адама Міцкевича, 15","period":"1919—1944","color":"#ff9b00"}},{"type":"Feature","geometry":{"type":"Polygon","coordinates":[[[25.0636406,48.5126718],[25.0635124,48.5126873],[25.0634854,48.5125888],[25.0636136,48.5125734],[25.0636406,48.5126718]]]},"properties":{"id":"48.51263,25.06356","name":"Будинок","address":"Адама Міцкевича, 159","period":null,"color":"gold"}},{"type":"Feature","geometry":{"type":"Polygon","coordinates":[[[25.0398318,48.5234811],[25.0398445,48.5235092],[25.0398287,48.5235123],[25.0398775,48.52362],[25.0398125,48.5236329],[25.0398556,48.5237281],[25.0399209,48.5237151],[25.0399937,48.523876],[25.0401323,48.5238485],[25.0400592,48.5236871],[25.0401282,48.5236734],[25.040084,48.5235757],[25.040016,48.5235891],[25.0399684,48.5234839],[25.039948,48.523488],[25.0399356,48.5234605],[25.0398318,48.5234811]]]},"properties":{"id":"48.52364,25.03997","name":"Резиденція пробоща / Плебанія римо-католицького костьолу","address":"Адама Міцкевича, 2","period":"1405—1771","color":"#640000"}},{"type":"Feature","geometry":{"type":"Polygon","coordinates":[[[25.0412205,48.5217054],[25.0414105,48.5216693],[25.0413519,48.5215342],[25.0411802,48.5215669],[25.0412007,48.5216142],[25.0411734,48.5216194],[25.0411988,48.5216777],[25.0412078,48.521676],[25.0412205,48.5217054]]]},"properties":{"id":"48.52162,25.04128","name":"Будинок","address":"Адама Міцкевича, 21","period":"1914—1918","color":"#FF4500"}},{"type":"Feature","geometry":{"type":"Polygon","coordinates":[[[25.0415595,48.5206752],[25.0416564,48.520656],[25.0416383,48.5206143],[25.0416191,48.5206175],[25.0415986,48.5205717],[25.0416176,48.5205686],[25.0416038,48.5205358],[25.0415846,48.5205383],[25.0415697,48.520503],[25.041585,48.5205002],[25.0415761,48.5204786],[25.0415593,48.5204813],[25.041555,48.520473],[25.0414741,48.5204895],[25.0415595,48.5206752]]]},"properties":{"id":"48.52056,25.04156","name":"Будинок","address":"Адама Міцкевича, 22","period":null,"color":"gold"}},{"type":"Feature","geometry":{"type":"Polygon","coordinates":[[[25.0411963,48.5215085],[25.0412362,48.5214855],[25.041245,48.5214916],[25.0413055,48.5214567],[25.0411699,48.5213523],[25.0411273,48.5213782],[25.0411408,48.5213864],[25.041102,48.5214129],[25.041102,48.5214272],[25.0411047,48.5214414],[25.0411963,48.5215085]]]},"properties":{"id":"48.52143,25.04119","name":"Вілла","address":"Адама Міцкевича, 23","period":"1919—1944","color":"#ff9b00"}},{"type":"Feature","geometry":{"type":"Polygon","coordinates":[[[25.0420494,48.5203076],[25.0420706,48.520262],[25.0420947,48.520267],[25.042116,48.5202214],[25.0420943,48.5202169],[25.042115,48.5201725],[25.0419783,48.5201446],[25.0419152,48.5202802],[25.0420494,48.5203076]]]},"properties":{"id":"48.52023,25.04201","name":"Будинок","address":"Адама Міцкевича, 26","period":null,"color":"gold"}},{"type":"Feature","geometry":{"type":"Polygon","coordinates":[[[25.0425535,48.5198119],[25.0425917,48.5197893],[25.0425113,48.5197298],[25.0424842,48.5197459],[25.0424698,48.5197352],[25.0423821,48.5197873],[25.0424786,48.5198587],[25.0425218,48.5198331],[25.0425353,48.5198431],[25.0425688,48.5198232],[25.0425535,48.5198119]]]},"properties":{"id":"48.51979,25.04249","name":"Будинок","address":"Адама Міцкевича, 32","period":null,"color":"gold"}},{"type":"Feature","geometry":{"type":"Polygon","coordinates":[[[25.0403724,48.5231521],[25.0404153,48.5231521],[25.0404449,48.5231468],[25.0404958,48.5231237],[25.0404878,48.5230864],[25.0406138,48.5230687],[25.040579,48.5229621],[25.040123,48.5230278],[25.0401337,48.5230562],[25.040182,48.5230491],[25.0402061,48.5231273],[25.0403349,48.5231095],[25.0403456,48.523145],[25.0403724,48.5231521]]]},"properties":{"id":"48.52306,25.04043","name":"Коломийське відділення цісарсько-королівської пошти","address":"Адама Міцкевича, 4","period":"1772—1865","color":"darkred"}},{"type":"Feature","geometry":{"type":"Polygon","coordinates":[[[25.0443871,48.5184267],[25.0443488,48.5184518],[25.044327,48.5184373],[25.0442859,48.5184643],[25.0443058,48.5184776],[25.04426,48.5185078],[25.0443398,48.518561],[25.0443952,48.5185245],[25.0444085,48.5185334],[25.0444324,48.5185176],[25.0444172,48.5185075],[25.0444631,48.5184773],[25.0443871,48.5184267]]]},"properties":{"id":"48.51849,25.04437","name":"Будинок","address":"Адама Міцкевича, 42","period":null,"color":"gold"}},{"type":"Feature","geometry":{"type":"Polygon","coordinates":[[[25.0441715,48.5190904],[25.0440492,48.5190132],[25.0439479,48.5190835],[25.0440702,48.5191608],[25.0441715,48.5190904]]]},"properties":{"id":"48.51908,25.04406","name":"Будинок","address":"Адама Міцкевича, 45","period":null,"color":"gold"}},{"type":"Feature","geometry":{"type":"Polygon","coordinates":[[[25.0446419,48.5183021],[25.0447668,48.5182136],[25.0446457,48.5181386],[25.0445207,48.5182272],[25.0446419,48.5183021]]]},"properties":{"id":"48.51822,25.04464","name":"Кам'яниця","address":"Адама Міцкевича, 46","period":null,"color":"gold"}},{"type":"Feature","geometry":{"type":"Polygon","coordinates":[[[25.0442583,48.5189613],[25.0442773,48.5189503],[25.0443267,48.5189879],[25.0443942,48.518949],[25.0442727,48.5188566],[25.0441862,48.5189064],[25.0442583,48.5189613]]]},"properties":{"id":"48.51891,25.04427","name":"Будинок","address":"Адама Міцкевича, 47","period":null,"color":"gold"}},{"type":"Feature","geometry":{"type":"Polygon","coordinates":[[[25.0443101,48.5188118],[25.0443912,48.5188916],[25.0444784,48.5188526],[25.0444838,48.5188503],[25.044391,48.518759],[25.0443101,48.5188118]]]},"properties":{"id":"48.51882,25.04439","name":"Будинок","address":"Адама Міцкевича, 49","period":null,"color":"gold"}},{"type":"Feature","geometry":{"type":"Polygon","coordinates":[[[25.0410859,48.5229781],[25.0410966,48.5229034],[25.0411154,48.5229052],[25.0411208,48.5228608],[25.0410644,48.5228573],[25.0410671,48.5228413],[25.0408955,48.5228413],[25.0408579,48.5229638],[25.0410859,48.5229781]]]},"properties":{"id":"48.52291,25.04098","name":"Кам'яниця","address":"Адама Міцкевича, 5","period":"1866—1913","color":"#B22222"}},{"type":"Feature","geometry":{"type":"Polygon","coordinates":[[[25.0445036,48.5186798],[25.0444557,48.5187099],[25.0444696,48.5187196],[25.0444108,48.5187564],[25.0445025,48.5188206],[25.0446601,48.5187218],[25.0445647,48.5186551],[25.0445138,48.518687],[25.0445036,48.5186798]]]},"properties":{"id":"48.51874,25.04453","name":"Будинок","address":"Адама Міцкевича, 51","period":null,"color":"gold"}},{"type":"Feature","geometry":{"type":"Polygon","coordinates":[[[25.0457076,48.5178306],[25.0457525,48.5178095],[25.0457402,48.517798],[25.0457835,48.5177776],[25.0457213,48.5177204],[25.0456235,48.5177665],[25.0456337,48.517776],[25.0455997,48.517792],[25.0456497,48.5178386],[25.0456938,48.5178178],[25.0457076,48.5178306]]]},"properties":{"id":"48.51777,25.04569","name":"Будинок","address":"Адама Міцкевича, 52","period":null,"color":"gold"}},{"type":"Feature","geometry":{"type":"Polygon","coordinates":[[[25.045079,48.5187804],[25.0450528,48.5187151],[25.0450146,48.5187216],[25.0449751,48.518617],[25.044971,48.5186081],[25.0449619,48.5186078],[25.0449528,48.51859],[25.0449201,48.518525],[25.0448598,48.5185387],[25.0447822,48.5185571],[25.044755,48.5185632],[25.0447995,48.5186445],[25.0448106,48.5186426],[25.0448246,48.5186774],[25.0448608,48.5187685],[25.044868,48.5187677],[25.0448769,48.5187907],[25.0449525,48.5187772],[25.0449629,48.5188009],[25.045079,48.5187804]]]},"properties":{"id":"48.51866,25.04489","name":"Будинок","address":"Адама Міцкевича, 53","period":"1866—1913","color":"#B22222"}},{"type":"Feature","geometry":{"type":"Polygon","coordinates":[[[25.0458576,48.5177623],[25.0457994,48.5177004],[25.0459392,48.5176428],[25.0459973,48.5177046],[25.0459471,48.5177253],[25.0459571,48.5177359],[25.0459201,48.5177511],[25.0459102,48.5177406],[25.0458576,48.5177623]]]},"properties":{"id":"48.5177,25.0459","name":"Будинок","address":"Адама Міцкевича, 54","period":null,"color":"gold"}},{"type":"Feature","geometry":{"type":"Polygon","coordinates":[[[25.0451322,48.5187448],[25.0452148,48.5187273],[25.0450976,48.5184846],[25.0449435,48.5185172],[25.0449708,48.5185738],[25.0450423,48.5185587],[25.0451322,48.5187448]]]},"properties":{"id":"48.51861,25.04511","name":"Будинок","address":"Адама Міцкевича, 55","period":"1866—1913","color":"#B22222"}},{"type":"Feature","geometry":{"type":"Polygon","coordinates":[[[25.047511,48.5168903],[25.0474953,48.5168628],[25.0475318,48.5168536],[25.047506,48.5168085],[25.0474645,48.516819],[25.0474501,48.5167939],[25.0471969,48.5168575],[25.0472532,48.516956],[25.0473489,48.5169319],[25.0473618,48.5169545],[25.0474324,48.5169368],[25.047419,48.5169134],[25.047511,48.5168903]]]},"properties":{"id":"48.51688,25.04736","name":"Кам'яниця","address":"Адама Міцкевича, 56","period":null,"color":"gold"}},{"type":"Feature","geometry":{"type":"Polygon","coordinates":[[[25.0453269,48.5182055],[25.0453359,48.5182205],[25.0452784,48.5182357],[25.0453259,48.5183144],[25.0454823,48.518273],[25.0454353,48.5181951],[25.0453852,48.5182084],[25.0453757,48.5181926],[25.0453269,48.5182055]]]},"properties":{"id":"48.51825,25.04537","name":"Будинок","address":"Адама Міцкевича, 59","period":null,"color":"gold"}},{"type":"Feature","geometry":{"type":"Polygon","coordinates":[[[25.0489836,48.5165527],[25.0489395,48.516566],[25.0489484,48.516579],[25.0489203,48.5165876],[25.0489798,48.5166736],[25.0491084,48.5166346],[25.0490483,48.5165477],[25.048992,48.5165648],[25.0489836,48.5165527]]]},"properties":{"id":"48.51661,25.04902","name":"Будинок","address":"Адама Міцкевича, 60","period":null,"color":"gold"}},{"type":"Feature","geometry":{"type":"Polygon","coordinates":[[[25.0460414,48.5179922],[25.0459621,48.5178947],[25.0458079,48.5179498],[25.0458871,48.5180472],[25.0460414,48.5179922]]]},"properties":{"id":"48.51796,25.04592","name":"Захоронка","address":"Адама Міцкевича, 63","period":null,"color":"gold"}},{"type":"Feature","geometry":{"type":"Polygon","coordinates":[[[25.046674,48.5177429],[25.0466026,48.5176518],[25.0464244,48.517713],[25.0464958,48.5178041],[25.046674,48.5177429]]]},"properties":{"id":"48.51772,25.04654","name":"Кам'яниця","address":"Адама Міцкевича, 69","period":null,"color":"gold"}},{"type":"Feature","geometry":{"type":"Polygon","coordinates":[[[25.0506881,48.5160802],[25.0506362,48.515996],[25.0507244,48.5159721],[25.050713,48.5159537],[25.0507828,48.5159348],[25.0508441,48.5160344],[25.0507972,48.5160471],[25.0508068,48.5160627],[25.0507552,48.5160766],[25.0507475,48.5160641],[25.0506881,48.5160802]]]},"properties":{"id":"48.51601,25.05075","name":"Будинок","address":"Адама Міцкевича, 74","period":null,"color":"gold"}},{"type":"Feature","geometry":{"type":"Polygon","coordinates":[[[25.0486813,48.5170203],[25.0486317,48.5170365],[25.0486436,48.5170525],[25.048588,48.5170706],[25.0486415,48.5171427],[25.0488072,48.5170887],[25.0487548,48.5170183],[25.0486944,48.517038],[25.0486813,48.5170203]]]},"properties":{"id":"48.51707,25.04869","name":"Будинок","address":"Адама Міцкевича, 77","period":null,"color":"gold"}},{"type":"Feature","geometry":{"type":"Polygon","coordinates":[[[25.040756,48.5223297],[25.0407759,48.5223322],[25.0407686,48.5223579],[25.0407104,48.5223505],[25.0406964,48.522399],[25.040851,48.5224185],[25.0409132,48.5222021],[25.0407591,48.5221827],[25.0407461,48.522228],[25.0408074,48.5222357],[25.0407999,48.5222616],[25.0407082,48.52225],[25.0406878,48.5223211],[25.0407382,48.5223275],[25.0407376,48.522319],[25.0407572,48.5223227],[25.040756,48.5223297]]]},"properties":{"id":"48.52231,25.04082","name":"Жіноча середня школа заводова","address":"Адама Міцкевича, 8","period":"1866—1913","color":"#B22222"}},{"type":"Feature","geometry":{"type":"Polygon","coordinates":[[[25.0410081,48.5227631],[25.0411127,48.5227631],[25.0411556,48.5226885],[25.0409813,48.5226458],[25.0409196,48.522756],[25.0409223,48.5227613],[25.0410081,48.5227631]]]},"properties":{"id":"48.52271,25.04103","name":"Будинок","address":"Адама Міцкевича, 9","period":null,"color":"gold"}},{"type":"Feature","geometry":{"type":"Polygon","coordinates":[[[25.0514203,48.516244],[25.0513508,48.516152],[25.0513989,48.516136],[25.0513895,48.5161236],[25.0514388,48.5161073],[25.0514487,48.5161204],[25.0514967,48.5161045],[25.0515812,48.5162165],[25.0515178,48.5162375],[25.0515022,48.5162169],[25.0514203,48.516244]]]},"properties":{"id":"48.51617,25.05147","name":"Будинок","address":"Адама Міцкевича, 93","period":null,"color":"gold"}},{"type":"Feature","geometry":{"type":"Polygon","coordinates":[[[25.0518718,48.5160976],[25.0518086,48.5160106],[25.0519454,48.515967],[25.0520141,48.5160614],[25.0519558,48.5160801],[25.0519503,48.5160725],[25.0518718,48.5160976]]]},"properties":{"id":"48.51603,25.05191","name":"Будинок","address":"Адама Міцкевича, 95","period":null,"color":"gold"}},{"type":"Feature","geometry":{"type":"Polygon","coordinates":[[[25.0526896,48.5157173],[25.0527913,48.5156846],[25.0528413,48.5157526],[25.0527396,48.5157854],[25.0526896,48.5157173]]]},"properties":{"id":"48.51573,25.05277","name":"Будинок","address":"Адама Міцкевича, 97","period":null,"color":"gold"}},{"type":"Feature","geometry":{"type":"Polygon","coordinates":[[[25.0550368,48.5146295],[25.0549804,48.5145254],[25.0550625,48.5145059],[25.0550703,48.5145203],[25.0551719,48.5144962],[25.05522,48.5145848],[25.0551587,48.5145994],[25.055166,48.5146129],[25.0551168,48.5146246],[25.0551101,48.5146121],[25.0550368,48.5146295]]]},"properties":{"id":"48.51457,25.0551","name":"Будинок","address":"Адама Міцкевича, 98","period":null,"color":"gold"}},{"type":"Feature","geometry":{"type":"Polygon","coordinates":[[[25.0530295,48.5156678],[25.0529753,48.5155927],[25.0531027,48.5155523],[25.0531569,48.5156274],[25.0530295,48.5156678]]]},"properties":{"id":"48.5156,25.05306","name":"Будинок","address":"Адама Міцкевича, 99","period":null,"color":"gold"}},{"type":"Feature","geometry":{"type":"Polygon","coordinates":[[[25.0496101,48.527767],[25.0495722,48.5277069],[25.0496095,48.5276966],[25.0495926,48.5276699],[25.0495566,48.5276799],[25.0495135,48.5276116],[25.049329,48.5276626],[25.0493674,48.5277235],[25.0493463,48.5277294],[25.0493802,48.5277832],[25.0494014,48.5277774],[25.0494268,48.5278177],[25.0496101,48.527767]]]},"properties":{"id":"48.52771,25.04946","name":"Польська реміснича бурса під патронатом святого Станіслава Костки","address":"Андрія Чайковського, 10","period":"1866—1913","color":"#B22222"}},{"type":"Feature","geometry":{"type":"Polygon","coordinates":[[[25.049808,48.528477],[25.0499212,48.528448],[25.0499251,48.5284547],[25.0500165,48.5284313],[25.0499566,48.5283286],[25.0498623,48.5283527],[25.0498725,48.5283701],[25.0497775,48.5283944],[25.049803,48.5284381],[25.0497876,48.5284421],[25.049808,48.528477]]]},"properties":{"id":"48.52841,25.04989","name":"Вілла","address":"Андрія Чайковського, 14","period":null,"color":"gold"}},{"type":"Feature","geometry":{"type":"Polygon","coordinates":[[[25.0488376,48.5269922],[25.0488276,48.5270088],[25.0488513,48.5270431],[25.0488347,48.5270481],[25.0488644,48.527091],[25.0488789,48.5270866],[25.0489068,48.5271269],[25.0489771,48.5271056],[25.0489632,48.5270855],[25.049095,48.5270455],[25.0490667,48.5270046],[25.0490995,48.5269947],[25.0490506,48.5269241],[25.0489624,48.5269509],[25.0489561,48.5269417],[25.0488841,48.5269635],[25.0488924,48.5269756],[25.0488376,48.5269922]]]},"properties":{"id":"48.52702,25.04895","name":"Будинок","address":"Андрія Чайковського, 2","period":"1919—1944","color":"#ff9b00"}},{"type":"Feature","geometry":{"type":"Polygon","coordinates":[[[25.0527039,48.5335195],[25.0526801,48.5335247],[25.0526718,48.533509],[25.0525237,48.5335478],[25.0525524,48.5336],[25.0524753,48.5336195],[25.0525228,48.5337003],[25.0526411,48.5336702],[25.0526296,48.5336502],[25.0527062,48.5336304],[25.0527431,48.5336934],[25.0527318,48.5337127],[25.0527667,48.5337215],[25.0527759,48.5337062],[25.0528105,48.5336994],[25.0528085,48.5336808],[25.0528344,48.5336877],[25.052851,48.533655],[25.0528224,48.5336473],[25.0527974,48.5336028],[25.0528198,48.5335974],[25.0527752,48.5335204],[25.0527202,48.5335033],[25.0527039,48.5335195]]]},"properties":{"id":"48.53358,25.05265","name":"Вілла  Ядвіга","address":"Андрія Чайковського, 35","period":"1866—1913","color":"#B22222"}},{"type":"Feature","geometry":{"type":"Polygon","coordinates":[[[25.0529493,48.5331624],[25.0530075,48.5331454],[25.0530034,48.5331393],[25.0535205,48.5329887],[25.053525,48.5329955],[25.0535811,48.5329792],[25.053511,48.5328735],[25.0533689,48.5329149],[25.0533778,48.5329283],[25.0530379,48.5330273],[25.0530286,48.5330133],[25.0528792,48.5330568],[25.0529493,48.5331624]]]},"properties":{"id":"48.53302,25.05323","name":"Будинок","address":"Андрія Чайковського, 52","period":"1919—1944","color":"#ff9b00"}},{"type":"Feature","geometry":{"type":"Polygon","coordinates":[[[25.0539726,48.533589],[25.053834,48.5333865],[25.053209,48.5335742],[25.0533477,48.5337767],[25.0539726,48.533589]]]},"properties":{"id":"48.5336,25.05356","name":"Крита райтарня","address":"Андрія Чайковського, 54","period":"1866—1913","color":"#B22222"}},{"type":"Feature","geometry":{"type":"Polygon","coordinates":[[[25.0497646,48.5303801],[25.049461,48.5304622],[25.0495384,48.5305876],[25.0496181,48.530566],[25.0496932,48.5306878],[25.0495436,48.5307282],[25.0495953,48.530812],[25.0497407,48.5307726],[25.0498155,48.5308939],[25.0497262,48.530918],[25.0497981,48.5310346],[25.0501154,48.5309487],[25.0500442,48.5308332],[25.0499121,48.5308689],[25.04988,48.530817],[25.0499123,48.5308082],[25.04977,48.5305775],[25.0497479,48.5305835],[25.0497156,48.5305312],[25.0498375,48.5304982],[25.0497646,48.5303801]]]},"properties":{"id":"48.53071,25.04975","name":"Касарні на Курцвайлівці","address":"Андрія Чайковського, 7","period":"1866—1913","color":"#B22222"}},{"type":"Feature","geometry":{"type":"Polygon","coordinates":[[[25.0508888,48.5309344],[25.0508381,48.5308712],[25.0508331,48.530873],[25.0506538,48.5306497],[25.0506667,48.5306451],[25.0506141,48.5305795],[25.0504356,48.5306424],[25.0504878,48.5307074],[25.0505391,48.5306893],[25.0507176,48.5309115],[25.0506713,48.5309277],[25.0507235,48.5309927],[25.0508888,48.5309344]]]},"properties":{"id":"48.53077,25.05068","name":"Касарні на Курцвайлівці","address":"Андрія Чайковського, 9","period":"1866—1913","color":"#B22222"}},{"type":"Feature","geometry":{"type":"Polygon","coordinates":[[[25.0363643,48.535295],[25.0363472,48.5352991],[25.0363393,48.5353101],[25.036346,48.5353223],[25.036398,48.5354074],[25.0363803,48.5354116],[25.0363915,48.5354321],[25.0364262,48.5354238],[25.0364171,48.535407],[25.0364957,48.5353882],[25.0364897,48.5353773],[25.0365924,48.5353527],[25.03654,48.5352568],[25.0363643,48.535295]]]},"properties":{"id":"48.53534,25.03646","name":"Вілла","address":"Антона Чехова (Степана Тарабалки), 1","period":null,"color":"gold"}},{"type":"Feature","geometry":{"type":"Polygon","coordinates":[[[25.0383289,48.5346332],[25.0383993,48.5346196],[25.0384061,48.5346349],[25.0384529,48.5346258],[25.0384452,48.5346082],[25.0384848,48.5346005],[25.0384493,48.5345205],[25.0383819,48.5345336],[25.0383663,48.5344986],[25.038277,48.5345159],[25.0383289,48.5346332]]]},"properties":{"id":"48.53458,25.03839","name":"Вілла","address":"Антона Чехова (Степана Тарабалки), 10","period":null,"color":"gold"}},{"type":"Feature","geometry":{"type":"Polygon","coordinates":[[[25.0386569,48.5344176],[25.038733,48.5345733],[25.0389912,48.534518],[25.0389151,48.5343623],[25.0386569,48.5344176]]]},"properties":{"id":"48.53447,25.03882","name":"Будинок","address":"Антона Чехова (Степана Тарабалки), 10а","period":null,"color":"gold"}},{"type":"Feature","geometry":{"type":"Polygon","coordinates":[[[25.0392265,48.5344644],[25.0392802,48.5344514],[25.03927,48.534433],[25.0393042,48.5344247],[25.0392255,48.5342819],[25.039112,48.5343093],[25.0391066,48.534317],[25.0391813,48.5344525],[25.0392154,48.5344443],[25.0392265,48.5344644]]]},"properties":{"id":"48.53438,25.03921","name":"Вілла","address":"Антона Чехова (Степана Тарабалки), 14","period":null,"color":"gold"}},{"type":"Feature","geometry":{"type":"Polygon","coordinates":[[[25.0394061,48.5344096],[25.0394717,48.5343949],[25.0394647,48.5343812],[25.039553,48.5343614],[25.0395086,48.5342742],[25.0394503,48.5342873],[25.0394407,48.5342684],[25.0393994,48.5342776],[25.0394084,48.5342952],[25.039354,48.5343074],[25.0394061,48.5344096]]]},"properties":{"id":"48.53433,25.03945","name":"Вілла","address":"Антона Чехова (Степана Тарабалки), 16","period":null,"color":"gold"}},{"type":"Feature","geometry":{"type":"Polygon","coordinates":[[[25.0397749,48.5343076],[25.0398248,48.5342967],[25.0398022,48.5342515],[25.0397754,48.5342573],[25.0397479,48.5342023],[25.0396092,48.5342326],[25.0396592,48.5343329],[25.0397232,48.5343189],[25.0397312,48.534335],[25.0397829,48.5343237],[25.0397749,48.5343076]]]},"properties":{"id":"48.53427,25.03971","name":"Будинок","address":"Антона Чехова (Степана Тарабалки), 18","period":"1919—1944","color":"#ff9b00"}},{"type":"Feature","geometry":{"type":"Polygon","coordinates":[[[25.0370113,48.5352347],[25.037033,48.5352298],[25.0369846,48.5351357],[25.0367749,48.535183],[25.0368307,48.5352915],[25.0370187,48.5352491],[25.0370113,48.5352347]]]},"properties":{"id":"48.53522,25.03691","name":"Вілла","address":"Антона Чехова (Степана Тарабалки), 3","period":null,"color":"gold"}},{"type":"Feature","geometry":{"type":"Polygon","coordinates":[[[25.0374351,48.5348361],[25.0375244,48.5348164],[25.0375317,48.5348311],[25.0375672,48.5348232],[25.0375181,48.5347259],[25.0374537,48.5347401],[25.0374424,48.5347176],[25.037382,48.5347309],[25.0374351,48.5348361]]]},"properties":{"id":"48.53478,25.03748","name":"Будинок","address":"Антона Чехова (Степана Тарабалки), 4","period":null,"color":"gold"}},{"type":"Feature","geometry":{"type":"Polygon","coordinates":[[[25.0372068,48.535201],[25.0372654,48.5351901],[25.0372707,48.5352025],[25.0373205,48.5351932],[25.0373142,48.5351784],[25.0373756,48.535167],[25.0373292,48.5350579],[25.0372625,48.5350703],[25.0372551,48.5350528],[25.0372086,48.5350615],[25.0372169,48.535081],[25.0371579,48.5350919],[25.037163,48.5351039],[25.037114,48.5351131],[25.0371481,48.5351934],[25.0371995,48.5351838],[25.0372068,48.535201]]]},"properties":{"id":"48.53514,25.03726","name":"Вілла","address":"Антона Чехова (Степана Тарабалки), 5","period":null,"color":"gold"}},{"type":"Feature","geometry":{"type":"Polygon","coordinates":[[[25.0379199,48.5345976],[25.0377881,48.5346273],[25.0377959,48.5346425],[25.0377474,48.5346535],[25.0377988,48.5347535],[25.0380226,48.534703],[25.0379711,48.534603],[25.0379278,48.5346128],[25.0379199,48.5345976]]]},"properties":{"id":"48.53468,25.03788","name":"Вілла","address":"Антона Чехова (Степана Тарабалки), 6","period":null,"color":"gold"}},{"type":"Feature","geometry":{"type":"Polygon","coordinates":[[[25.0487774,48.5393261],[25.0489156,48.5392905],[25.0488565,48.5391899],[25.0487517,48.5392169],[25.0487647,48.539239],[25.0487313,48.5392476],[25.0487774,48.5393261]]]},"properties":{"id":"48.53926,25.04882","name":"Будинок","address":"Богдана Лепкого, 23","period":"1919—1944","color":"#ff9b00"}},{"type":"Feature","geometry":{"type":"Polygon","coordinates":[[[25.0486136,48.5393635],[25.0486549,48.5393523],[25.0486623,48.5393643],[25.0487096,48.5393515],[25.0487022,48.5393395],[25.0487483,48.539327],[25.0487046,48.5392563],[25.04857,48.5392928],[25.0486136,48.5393635]]]},"properties":{"id":"48.53931,25.04866","name":"Будинок","address":"Богдана Лепкого, 25","period":"1919—1944","color":"#ff9b00"}},{"type":"Feature","geometry":{"type":"Polygon","coordinates":[[[25.0481493,48.5394998],[25.0482822,48.5394651],[25.0482238,48.5393668],[25.0481613,48.5393831],[25.0481404,48.5393481],[25.04807,48.5393664],[25.0481493,48.5394998]]]},"properties":{"id":"48.53943,25.04818","name":"Будинок","address":"Богдана Лепкого, 29","period":"1919—1944","color":"#ff9b00"}},{"type":"Feature","geometry":{"type":"Polygon","coordinates":[[[25.0479108,48.5395666],[25.0478599,48.5394831],[25.0479994,48.5394458],[25.0480503,48.5395293],[25.0479108,48.5395666]]]},"properties":{"id":"48.53951,25.04796","name":"Будинок","address":"Богдана Лепкого, 31","period":"1919—1944","color":"#ff9b00"}},{"type":"Feature","geometry":{"type":"Polygon","coordinates":[[[25.0476879,48.5395754],[25.0477918,48.5395479],[25.0477434,48.5394677],[25.0476827,48.5394838],[25.0476924,48.5394999],[25.0476492,48.5395113],[25.0476879,48.5395754]]]},"properties":{"id":"48.53953,25.04772","name":"Будинок","address":"Богдана Лепкого, 31а","period":"1919—1944","color":"#ff9b00"}},{"type":"Feature","geometry":{"type":"Polygon","coordinates":[[[25.0470937,48.5397973],[25.0471622,48.5397796],[25.0470913,48.5396593],[25.0469963,48.5396839],[25.0470207,48.5397253],[25.0470473,48.5397185],[25.0470937,48.5397973]]]},"properties":{"id":"48.53974,25.0471","name":"Будинок","address":"Богдана Лепкого, 35","period":null,"color":"gold"}},{"type":"Feature","geometry":{"type":"Polygon","coordinates":[[[25.0482972,48.5397018],[25.048369,48.5396818],[25.0483726,48.5396875],[25.0484147,48.5396758],[25.0484104,48.539669],[25.0484482,48.5396585],[25.0484057,48.5395915],[25.048254,48.5396337],[25.0482972,48.5397018]]]},"properties":{"id":"48.53965,25.04836","name":"Будинок","address":"Богдана Лепкого, 42","period":"1919—1944","color":"#ff9b00"}},{"type":"Feature","geometry":{"type":"Polygon","coordinates":[[[25.0455874,48.5403559],[25.0455043,48.5402654],[25.0453484,48.5403281],[25.0454315,48.5404186],[25.0455874,48.5403559]]]},"properties":{"id":"48.54035,25.04547","name":"Будинок","address":"Богдана Лепкого, 43","period":"1919—1944","color":"#ff9b00"}},{"type":"Feature","geometry":{"type":"Polygon","coordinates":[[[25.0480409,48.5397731],[25.0481025,48.539756],[25.0481116,48.5397704],[25.048217,48.539741],[25.0481684,48.5396647],[25.0480975,48.5396844],[25.0480888,48.5396707],[25.0480539,48.5396804],[25.0480624,48.5396938],[25.0480013,48.5397109],[25.0480409,48.5397731]]]},"properties":{"id":"48.53972,25.04812","name":"Будинок","address":"Богдана Лепкого, 44","period":"1919—1944","color":"#ff9b00"}},{"type":"Feature","geometry":{"type":"Polygon","coordinates":[[[25.0450133,48.5405292],[25.0449638,48.5404783],[25.0448818,48.5405133],[25.0449313,48.5405642],[25.044866,48.5405921],[25.0449018,48.540629],[25.0449602,48.5406889],[25.0450638,48.5406447],[25.0450521,48.5406327],[25.0451281,48.5406003],[25.0450455,48.5405155],[25.0450133,48.5405292]]]},"properties":{"id":"48.5406,25.045","name":"Будинок","address":"Богдана Лепкого, 45","period":"1919—1944","color":"#ff9b00"}},{"type":"Feature","geometry":{"type":"Polygon","coordinates":[[[25.04464,48.5408106],[25.0446449,48.5408158],[25.0447116,48.5407881],[25.0447067,48.5407829],[25.0447201,48.5407773],[25.0446428,48.5406955],[25.0445239,48.5407447],[25.0445492,48.5407714],[25.04453,48.5407794],[25.0445821,48.5408346],[25.04464,48.5408106]]]},"properties":{"id":"48.54077,25.04463","name":"Будинок","address":"Богдана Лепкого, 47","period":"1919—1944","color":"#ff9b00"}},{"type":"Feature","geometry":{"type":"Polygon","coordinates":[[[25.0443111,48.540957],[25.0444324,48.5409056],[25.0443485,48.5408186],[25.0442703,48.5408517],[25.0441817,48.54076],[25.0440903,48.5407987],[25.0441962,48.5409083],[25.0442444,48.5408879],[25.0443111,48.540957]]]},"properties":{"id":"48.54089,25.04433","name":"Будинок","address":"Богдана Лепкого, 49","period":"1919—1944","color":"#ff9b00"}},{"type":"Feature","geometry":{"type":"Polygon","coordinates":[[[25.0473726,48.5399686],[25.0473818,48.5399821],[25.0473295,48.5399977],[25.047393,48.5400905],[25.0475653,48.5400389],[25.0475022,48.5399465],[25.0474442,48.5399639],[25.0474346,48.53995],[25.0473726,48.5399686]]]},"properties":{"id":"48.54002,25.04745","name":"Будинок","address":"Богдана Лепкого, 50","period":"1919—1944","color":"#ff9b00"}},{"type":"Feature","geometry":{"type":"Polygon","coordinates":[[[25.0434538,48.5413549],[25.0432372,48.5411308],[25.0433441,48.5410855],[25.0434893,48.5412357],[25.043565,48.5412036],[25.0436364,48.5412775],[25.0434538,48.5413549]]]},"properties":{"id":"48.54128,25.04348","name":"Будинок","address":"Богдана Лепкого, 53","period":"1919—1944","color":"#ff9b00"}},{"type":"Feature","geometry":{"type":"Polygon","coordinates":[[[25.0450541,48.5409218],[25.0451018,48.5409024],[25.0451154,48.5409171],[25.0451785,48.5408915],[25.0451041,48.5408112],[25.0449933,48.5408563],[25.0450541,48.5409218]]]},"properties":{"id":"48.54088,25.04509","name":"Будинок","address":"Богдана Лепкого, 58","period":"1919—1944","color":"#ff9b00"}},{"type":"Feature","geometry":{"type":"Polygon","coordinates":[[[25.0424283,48.5417632],[25.0425845,48.5417181],[25.0425078,48.5416017],[25.0423517,48.5416467],[25.0424283,48.5417632]]]},"properties":{"id":"48.54169,25.04247","name":"Будинок (колишній млин)","address":"Богдана Лепкого, 61","period":"1919—1944","color":"#ff9b00"}},{"type":"Feature","geometry":{"type":"Polygon","coordinates":[[[25.0446374,48.5412314],[25.0447159,48.5412115],[25.0446709,48.5411325],[25.0446732,48.541128],[25.0448278,48.5410598],[25.0447367,48.5409682],[25.0446288,48.5410144],[25.0446385,48.541026],[25.044593,48.5410455],[25.0446397,48.5410927],[25.0445695,48.5411136],[25.0446374,48.5412314]]]},"properties":{"id":"48.54105,25.04471","name":"Будинок","address":"Богдана Лепкого, 62","period":"1919—1944","color":"#ff9b00"}},{"type":"Feature","geometry":{"type":"Polygon","coordinates":[[[25.0442932,48.5413304],[25.0444099,48.5412992],[25.0443417,48.5411872],[25.0442249,48.5412184],[25.0442932,48.5413304]]]},"properties":{"id":"48.54126,25.04432","name":"Будинок","address":"Богдана Лепкого, 64","period":"1919—1944","color":"#ff9b00"}},{"type":"Feature","geometry":{"type":"Polygon","coordinates":[[[25.0442095,48.54134],[25.0441461,48.5412578],[25.0440172,48.5413014],[25.0440806,48.5413836],[25.0442095,48.54134]]]},"properties":{"id":"48.54132,25.04411","name":"Будинок","address":"Богдана Лепкого, 66","period":"1919—1944","color":"#ff9b00"}},{"type":"Feature","geometry":{"type":"Polygon","coordinates":[[[25.043799,48.5415419],[25.0439545,48.5414877],[25.0438864,48.5414021],[25.0437309,48.5414563],[25.043799,48.5415419]]]},"properties":{"id":"48.54148,25.04384","name":"Будинок","address":"Богдана Лепкого, 68","period":"1919—1944","color":"#ff9b00"}},{"type":"Feature","geometry":{"type":"Polygon","coordinates":[[[25.0522681,48.5362218],[25.0523916,48.5361808],[25.0523452,48.5361196],[25.0522987,48.5361351],[25.0522577,48.536081],[25.0521807,48.5361066],[25.0522681,48.5362218]]]},"properties":{"id":"48.53617,25.0523","name":"Будинок","address":"Богдана Хмельницького, 15","period":null,"color":"gold"}},{"type":"Feature","geometry":{"type":"Polygon","coordinates":[[[25.0520936,48.5362969],[25.0521494,48.536277],[25.0521565,48.5362856],[25.0521913,48.5362732],[25.052184,48.5362643],[25.0522331,48.5362467],[25.0521685,48.5361676],[25.0521115,48.536188],[25.0520854,48.5361559],[25.0520027,48.5361855],[25.0520936,48.5362969]]]},"properties":{"id":"48.53623,25.05213","name":"Будинок","address":"Богдана Хмельницького, 17","period":null,"color":"gold"}},{"type":"Feature","geometry":{"type":"Polygon","coordinates":[[[25.0489864,48.5380109],[25.0490382,48.5379964],[25.0489408,48.5378475],[25.0488067,48.5378848],[25.0487959,48.5378954],[25.0487986,48.5379043],[25.048812,48.5379114],[25.0488335,48.5379096],[25.0488898,48.5379984],[25.0489676,48.5379789],[25.0489864,48.5380109]]]},"properties":{"id":"48.53792,25.04891","name":"Вілла Емілія","address":"Богдана Хмельницького, 48","period":"1866—1913","color":"#B22222"}},{"type":"Feature","geometry":{"type":"Polygon","coordinates":[[[25.0485271,48.5377178],[25.0485363,48.5377142],[25.0484816,48.5376533],[25.0483427,48.5377081],[25.0483048,48.5376659],[25.0482302,48.5376953],[25.0483348,48.5378121],[25.0484905,48.5377504],[25.0485071,48.5377527],[25.0485346,48.5377423],[25.0485369,48.5377288],[25.0485271,48.5377178]]]},"properties":{"id":"48.53774,25.0484","name":"Будинок","address":"Богдана Хмельницького, 49","period":"1866—1913","color":"#B22222"}},{"type":"Feature","geometry":{"type":"Polygon","coordinates":[[[25.0486591,48.5381263],[25.0487101,48.5381121],[25.0486887,48.5380766],[25.0487691,48.5380553],[25.0487101,48.5379629],[25.0487235,48.5379523],[25.0487235,48.5379416],[25.0487101,48.5379327],[25.0486887,48.5379345],[25.0485599,48.5379718],[25.0486591,48.5381263]]]},"properties":{"id":"48.53801,25.04866","name":"Вілла Вільгельміна","address":"Богдана Хмельницького, 50","period":"1866—1913","color":"#B22222"}},{"type":"Feature","geometry":{"type":"Polygon","coordinates":[[[25.0479259,48.537872],[25.0479923,48.5379457],[25.0480562,48.5379204],[25.0480666,48.537932],[25.0481224,48.53791],[25.0481119,48.5378984],[25.0481788,48.537872],[25.0481124,48.5377983],[25.0480569,48.5378203],[25.0480511,48.5378139],[25.048002,48.5378333],[25.0480077,48.5378397],[25.0479259,48.537872]]]},"properties":{"id":"48.53788,25.04805","name":"Будинок","address":"Богдана Хмельницького, 51","period":null,"color":"gold"}},{"type":"Feature","geometry":{"type":"Polygon","coordinates":[[[25.0484362,48.5381396],[25.048469,48.5381308],[25.0484656,48.5381252],[25.0485174,48.5381114],[25.0485081,48.5380961],[25.0485723,48.5380789],[25.0485212,48.5379952],[25.0483725,48.5380349],[25.0484362,48.5381396]]]},"properties":{"id":"48.53805,25.04847","name":"Вілла","address":"Богдана Хмельницького, 52","period":null,"color":"gold"}},{"type":"Feature","geometry":{"type":"Polygon","coordinates":[[[25.0484205,48.5382084],[25.0484687,48.5381952],[25.0483704,48.5380378],[25.0483204,48.5380514],[25.0483093,48.5380337],[25.0482672,48.5380453],[25.048279,48.5380642],[25.0482251,48.538079],[25.0482825,48.5381709],[25.0483804,48.5381441],[25.0484205,48.5382084]]]},"properties":{"id":"48.5381,25.04831","name":"Вілла Герміна","address":"Богдана Хмельницького, 54","period":null,"color":"gold"}},{"type":"Feature","geometry":{"type":"Polygon","coordinates":[[[25.0470528,48.5382163],[25.0471282,48.5383016],[25.0471903,48.5382776],[25.0472129,48.5383031],[25.047279,48.5382776],[25.0472564,48.538252],[25.0473048,48.5382333],[25.0472294,48.5381479],[25.0470528,48.5382163]]]},"properties":{"id":"48.53823,25.04719","name":"Будинок","address":"Богдана Хмельницького, 57","period":"1866—1913","color":"#B22222"}},{"type":"Feature","geometry":{"type":"Polygon","coordinates":[[[25.0468165,48.5383138],[25.0469115,48.5384264],[25.047009,48.5383904],[25.0469737,48.5383485],[25.047052,48.5383196],[25.0469924,48.5382488],[25.0468165,48.5383138]]]},"properties":{"id":"48.53834,25.04693","name":"Будинок","address":"Богдана Хмельницького, 59","period":"1866—1913","color":"#B22222"}},{"type":"Feature","geometry":{"type":"Polygon","coordinates":[[[25.0472301,48.538467],[25.04724,48.5384786],[25.0471813,48.5385005],[25.0472582,48.538591],[25.0474278,48.5385278],[25.0473515,48.5384381],[25.0473034,48.538456],[25.0472928,48.5384436],[25.0472301,48.538467]]]},"properties":{"id":"48.53852,25.0473","name":"Будинок","address":"Богдана Хмельницького, 64","period":"1866—1913","color":"#B22222"}},{"type":"Feature","geometry":{"type":"Polygon","coordinates":[[[25.0470179,48.538554],[25.0470299,48.5385679],[25.0469739,48.5385893],[25.0470399,48.5386654],[25.0472028,48.5386034],[25.0471367,48.5385273],[25.047074,48.5385512],[25.0470661,48.5385497],[25.0470569,48.5385391],[25.0470179,48.538554]]]},"properties":{"id":"48.5386,25.04709","name":"Будинок","address":"Богдана Хмельницького, 66","period":null,"color":"gold"}},{"type":"Feature","geometry":{"type":"Polygon","coordinates":[[[25.025519,48.5231521],[25.0255791,48.5231377],[25.0255162,48.5230225],[25.0255976,48.523003],[25.0255515,48.5229184],[25.0254099,48.5229523],[25.025519,48.5231521]]]},"properties":{"id":"48.52299,25.0255","name":"Будинок","address":"Бориса Антоненка-Давидовича, 37","period":null,"color":"gold"}},{"type":"Feature","geometry":{"type":"Polygon","coordinates":[[[25.0319586,48.5260345],[25.0321456,48.5260268],[25.0321381,48.5259438],[25.032075,48.5259412],[25.0320663,48.5259505],[25.0320683,48.5259749],[25.0319989,48.525976],[25.0319963,48.525927],[25.0319483,48.5259283],[25.0319586,48.5260345]]]},"properties":{"id":"48.52601,25.03206","name":"Кам'яниця","address":"Братів Білоусів, 1","period":null,"color":"gold"}},{"type":"Feature","geometry":{"type":"Polygon","coordinates":[[[25.0320057,48.5262626],[25.0321275,48.5262558],[25.0321112,48.5261278],[25.0319881,48.5261347],[25.031993,48.5261734],[25.0319424,48.5261762],[25.0319476,48.526217],[25.0319995,48.5262142],[25.0320057,48.5262626]]]},"properties":{"id":"48.5262,25.03206","name":"Кам'яниця","address":"Братів Білоусів, 3","period":null,"color":"gold"}},{"type":"Feature","geometry":{"type":"Polygon","coordinates":[[[25.040926,48.5299507],[25.0408546,48.5298693],[25.0408637,48.5298431],[25.0410932,48.5297615],[25.0411775,48.5298601],[25.0411252,48.5298791],[25.040926,48.5299507]]]},"properties":{"id":"48.52985,25.04101","name":"Готель \"Жорж\"","address":"бульвар Лесі Українки, 1","period":"1866—1913","color":"#B22222"}},{"type":"Feature","geometry":{"type":"Polygon","coordinates":[[[25.0426286,48.5294892],[25.0426999,48.5294647],[25.0427136,48.5294821],[25.0427703,48.5294627],[25.0426403,48.5292968],[25.0424425,48.5293648],[25.0425948,48.5295591],[25.0426646,48.5295351],[25.0426286,48.5294892]]]},"properties":{"id":"48.52941,25.04259","name":"Кам'яниця","address":"бульвар Лесі Українки, 11","period":"1866—1913","color":"#B22222"}},{"type":"Feature","geometry":{"type":"Polygon","coordinates":[[[25.0431757,48.5290687],[25.0430875,48.5291013],[25.0431913,48.5292244],[25.0432313,48.5292096],[25.0432582,48.5292415],[25.0432982,48.5292267],[25.0433133,48.5292447],[25.0434192,48.5292055],[25.0434494,48.5292413],[25.0435389,48.5292083],[25.0435027,48.5291654],[25.0434745,48.5291759],[25.0434239,48.5291159],[25.043458,48.5291033],[25.04337,48.5289989],[25.0432841,48.5290306],[25.0432631,48.5290057],[25.043156,48.5290453],[25.0431757,48.5290687]]]},"properties":{"id":"48.52912,25.04328","name":"Заклад фотоґрафічний Ц. К. фотографа Александра Кіблера","address":"бульвар Лесі Українки, 15","period":"1866—1913","color":"#B22222"}},{"type":"Feature","geometry":{"type":"Polygon","coordinates":[[[25.0437152,48.5288469],[25.0436585,48.5288664],[25.0436697,48.5288806],[25.0435991,48.5289049],[25.0436813,48.5290098],[25.0438743,48.5289434],[25.0437934,48.5288401],[25.0437276,48.5288627],[25.0437152,48.5288469]]]},"properties":{"id":"48.52893,25.04373","name":"Будинок","address":"бульвар Лесі Українки, 17","period":"1866—1913","color":"#B22222"}},{"type":"Feature","geometry":{"type":"Polygon","coordinates":[[[25.0439783,48.5287558],[25.0439679,48.5287423],[25.0438881,48.5287691],[25.0439731,48.52888],[25.0441793,48.5288108],[25.0441033,48.5287138],[25.0439783,48.5287558]]]},"properties":{"id":"48.5288,25.04404","name":"Будинок","address":"бульвар Лесі Українки, 19","period":null,"color":"gold"}},{"type":"Feature","geometry":{"type":"Polygon","coordinates":[[[25.0441833,48.5288008],[25.0443394,48.5287455],[25.0442585,48.5286452],[25.0441024,48.5287005],[25.0441833,48.5288008]]]},"properties":{"id":"48.52873,25.04421","name":"Будинок","address":"бульвар Лесі Українки, 21","period":null,"color":"gold"}},{"type":"Feature","geometry":{"type":"Polygon","coordinates":[[[25.0444377,48.528717],[25.0444232,48.5286979],[25.044487,48.5286767],[25.0444195,48.5285879],[25.0443022,48.5286269],[25.0443843,48.5287349],[25.0444377,48.528717]]]},"properties":{"id":"48.52865,25.0444","name":"Будинок","address":"бульвар Лесі Українки, 23","period":null,"color":"gold"}},{"type":"Feature","geometry":{"type":"Polygon","coordinates":[[[25.0446739,48.5287096],[25.0447083,48.5286987],[25.0447268,48.5286928],[25.0446185,48.5285307],[25.0444899,48.5285728],[25.0445748,48.5286855],[25.0445832,48.5286834],[25.044641,48.5286649],[25.0446739,48.5287096]]]},"properties":{"id":"48.5286,25.0446","name":"Заклад фотоґрафічний Вільгельма Айбля","address":"бульвар Лесі Українки, 25","period":"1866—1913","color":"#B22222"}},{"type":"Feature","geometry":{"type":"Polygon","coordinates":[[[25.0414349,48.5299389],[25.0413206,48.5298222],[25.0412241,48.5298625],[25.0412749,48.529915],[25.0413382,48.5299803],[25.0414349,48.5299389]]]},"properties":{"id":"48.52989,25.04133","name":"Кам'яниця","address":"бульвар Лесі Українки, 3","period":"1919—1944","color":"#ff9b00"}},{"type":"Feature","geometry":{"type":"Polygon","coordinates":[[[25.0476459,48.5271939],[25.0476551,48.5272036],[25.0477413,48.5271681],[25.0476863,48.5271096],[25.047631,48.5270506],[25.0476228,48.5270419],[25.047553,48.5270709],[25.0475568,48.527075],[25.0471931,48.5272247],[25.0471865,48.5272176],[25.0471005,48.5272531],[25.0472194,48.5273798],[25.0472979,48.5273475],[25.0472895,48.5273386],[25.0474332,48.5272795],[25.0474427,48.5272896],[25.0475174,48.5272589],[25.0475092,48.5272501],[25.0476459,48.5271939]]]},"properties":{"id":"48.52721,25.04741","name":"Касарні","address":"бульвар Лесі Українки, 32а","period":"1866—1913","color":"#B22222"}},{"type":"Feature","geometry":{"type":"Polygon","coordinates":[[[25.0482688,48.5269657],[25.0483507,48.5269323],[25.0482267,48.526799],[25.0481436,48.5268329],[25.04815,48.5268397],[25.0478029,48.5269814],[25.0477958,48.5269738],[25.047707,48.52701],[25.0478303,48.5271425],[25.0479179,48.5271068],[25.047908,48.5270961],[25.0480406,48.527042],[25.0480519,48.5270542],[25.0481316,48.5270217],[25.0481188,48.527008],[25.048256,48.526952],[25.0482688,48.5269657]]]},"properties":{"id":"48.52696,25.04804","name":"Касарні","address":"бульвар Лесі Українки, 34","period":"1866—1913","color":"#B22222"}},{"type":"Feature","geometry":{"type":"Polygon","coordinates":[[[25.0490515,48.5261973],[25.0489995,48.5262022],[25.0489972,48.5261916],[25.048954,48.5261957],[25.0489562,48.5262063],[25.0488993,48.5262122],[25.0489355,48.5263826],[25.0490882,48.5263682],[25.0490758,48.5263108],[25.0491078,48.5263078],[25.0490968,48.5262562],[25.0490648,48.5262592],[25.0490515,48.5261973]]]},"properties":{"id":"48.52629,25.049","name":"Будинок","address":"бульвар Лесі Українки, 36","period":"1866—1913","color":"#B22222"}},{"type":"Feature","geometry":{"type":"Polygon","coordinates":[[[25.0460223,48.5282951],[25.0461091,48.528265],[25.0460261,48.52816],[25.0461202,48.5281274],[25.0461615,48.5281795],[25.0462481,48.5281495],[25.0461065,48.5279704],[25.0458432,48.5280648],[25.0458924,48.5281323],[25.045908,48.5281507],[25.0459518,48.5282084],[25.0459652,48.5282229],[25.0460223,48.5282951]]]},"properties":{"id":"48.52808,25.04602","name":"Кам'яниця","address":"бульвар Лесі Українки, 37","period":null,"color":"gold"}},{"type":"Feature","geometry":{"type":"Polygon","coordinates":[[[25.0489349,48.525869],[25.0488687,48.5258736],[25.048872,48.5258949],[25.0488117,48.5258991],[25.0488281,48.5260024],[25.0490109,48.5259897],[25.0489943,48.5258846],[25.048938,48.5258885],[25.0489349,48.525869]]]},"properties":{"id":"48.52593,25.04891","name":"Будинок","address":"бульвар Лесі Українки, 38","period":"1866—1913","color":"#B22222"}},{"type":"Feature","geometry":{"type":"Polygon","coordinates":[[[25.0464066,48.5278644],[25.0462108,48.5279311],[25.0462919,48.5280354],[25.0464876,48.5279686],[25.0464066,48.5278644]]]},"properties":{"id":"48.52794,25.04635","name":"Кам'яниця","address":"бульвар Лесі Українки, 39","period":null,"color":"gold"}},{"type":"Feature","geometry":{"type":"Polygon","coordinates":[[[25.0423332,48.5291185],[25.0424454,48.529079],[25.0423261,48.5289304],[25.0426915,48.5288016],[25.0428114,48.5289509],[25.0429298,48.5289092],[25.0427245,48.5286536],[25.0421284,48.5288636],[25.0423332,48.5291185]]]},"properties":{"id":"48.52882,25.04247","name":"Касарні","address":"бульвар Лесі Українки, 4","period":"1866—1913","color":"#B22222"}},{"type":"Feature","geometry":{"type":"Polygon","coordinates":[[[25.0469076,48.5279242],[25.0468083,48.5278056],[25.0468747,48.5277819],[25.0468201,48.5277148],[25.0464958,48.5278305],[25.0466474,48.528017],[25.0469076,48.5279242]]]},"properties":{"id":"48.52787,25.04669","name":"Кам'яниця","address":"бульвар Лесі Українки, 41","period":null,"color":"gold"}},{"type":"Feature","geometry":{"type":"Polygon","coordinates":[[[25.0476607,48.5276796],[25.0477279,48.527753],[25.0477544,48.527782],[25.048138,48.5276282],[25.0480424,48.5275237],[25.0479161,48.5275743],[25.0479076,48.527565],[25.0477804,48.5276161],[25.0477908,48.5276274],[25.0476607,48.5276796]]]},"properties":{"id":"48.52764,25.04789","name":"Школа ім. Королеви Ядвіґи (9-класна, жіноча)","address":"бульвар Лесі Українки, 43а","period":null,"color":"gold"}},{"type":"Feature","geometry":{"type":"Polygon","coordinates":[[[25.0479615,48.5272775],[25.0478488,48.5273225],[25.0480018,48.5274904],[25.0480059,48.5274887],[25.0481145,48.5274454],[25.0479615,48.5272775]]]},"properties":{"id":"48.52738,25.04797","name":"Кам'яниця","address":"бульвар Лесі Українки, 45","period":null,"color":"gold"}},{"type":"Feature","geometry":{"type":"Polygon","coordinates":[[[25.0485112,48.5272748],[25.0484526,48.5272096],[25.0486437,48.5271343],[25.0485552,48.5270358],[25.0482745,48.5271465],[25.0484216,48.5273101],[25.0485112,48.5272748]]]},"properties":{"id":"48.52714,25.04846","name":"Кам'яниця","address":"бульвар Лесі Українки, 47","period":null,"color":"gold"}},{"type":"Feature","geometry":{"type":"Polygon","coordinates":[[[25.0414537,48.5298061],[25.0416141,48.5297493],[25.0416599,48.529806],[25.0417454,48.5297757],[25.0415898,48.5295829],[25.0413438,48.52967],[25.0414537,48.5298061]]]},"properties":{"id":"48.52969,25.0415","name":"Кам'яниця","address":"бульвар Лесі Українки, 5","period":"1866—1913","color":"#B22222"}},{"type":"Feature","geometry":{"type":"Polygon","coordinates":[[[25.049267,48.5262952],[25.0493019,48.5262927],[25.0493078,48.5263291],[25.049461,48.5263181],[25.0494412,48.5261962],[25.0492866,48.5262073],[25.0492928,48.5262454],[25.0492593,48.5262478],[25.049267,48.5262952]]]},"properties":{"id":"48.52627,25.04936","name":"Будинок","address":"бульвар Лесі Українки, 67","period":null,"color":"gold"}},{"type":"Feature","geometry":{"type":"Polygon","coordinates":[[[25.0418442,48.5295578],[25.0418298,48.5295396],[25.0417446,48.5295693],[25.0417591,48.5295875],[25.0416697,48.5296187],[25.0418307,48.5298211],[25.0419301,48.5297864],[25.0418755,48.5297177],[25.0420078,48.5296716],[25.0419014,48.5295378],[25.0418442,48.5295578]]]},"properties":{"id":"48.52965,25.04183","name":"Кам'яниця Соломона Марамороша","address":"бульвар Лесі Українки, 7","period":"1866—1913","color":"#B22222"}},{"type":"Feature","geometry":{"type":"Polygon","coordinates":[[[25.0424471,48.5294995],[25.0423815,48.5295222],[25.0422692,48.5293798],[25.0419976,48.5294738],[25.0420984,48.5296015],[25.0422834,48.5295374],[25.0423571,48.5296307],[25.0425116,48.5295772],[25.0424471,48.5294995]]]},"properties":{"id":"48.52949,25.04216","name":"Кам'яниця","address":"бульвар Лесі Українки, 9","period":"1866—1913","color":"#B22222"}},{"type":"Feature","geometry":{"type":"Polygon","coordinates":[[[25.0390026,48.5273245],[25.0390904,48.5273067],[25.0390938,48.527313],[25.0391971,48.5272908],[25.0391712,48.5272558],[25.0393289,48.5272162],[25.0393438,48.5272125],[25.0393039,48.5271521],[25.0391373,48.5271925],[25.0389575,48.527236],[25.0389616,48.5272442],[25.0389906,48.5273011],[25.0390026,48.5273245]]]},"properties":{"id":"48.52724,25.0391","name":"Кам'яниця","address":"В'ячеслава Чорновола, 13","period":"1866—1913","color":"#B22222"}},{"type":"Feature","geometry":{"type":"Polygon","coordinates":[[[25.039564,48.5271966],[25.0398674,48.5271248],[25.0398312,48.5270591],[25.0397654,48.5270751],[25.0397723,48.5270877],[25.0396687,48.5271128],[25.0396445,48.5270634],[25.0394917,48.5270999],[25.039564,48.5271966]]]},"properties":{"id":"48.52712,25.0396","name":"Кам'яниця","address":"В'ячеслава Чорновола, 16","period":null,"color":"gold"}},{"type":"Feature","geometry":{"type":"Polygon","coordinates":[[[25.0391713,48.5275378],[25.039505,48.5274781],[25.0395164,48.5274597],[25.0394685,48.5273737],[25.0392888,48.5274168],[25.0393027,48.5274454],[25.0391511,48.5274753],[25.0391713,48.5275378]]]},"properties":{"id":"48.52745,25.03938","name":"Готель Яна Берга","address":"В'ячеслава Чорновола, 19","period":"1866—1913","color":"#B22222"}},{"type":"Feature","geometry":{"type":"Polygon","coordinates":[[[25.0390404,48.5263872],[25.0390042,48.5263275],[25.0389718,48.526336],[25.0389198,48.5262708],[25.0389598,48.526259],[25.0389109,48.5261752],[25.0388965,48.5261782],[25.0387896,48.5262054],[25.0387868,48.5262234],[25.0389396,48.5264153],[25.0390404,48.5263872]]]},"properties":{"id":"48.5263,25.0389","name":"Кам'яниця","address":"В'ячеслава Чорновола, 2","period":"1914—1918","color":"#FF4500"}},{"type":"Feature","geometry":{"type":"Polygon","coordinates":[[[25.0396008,48.5276756],[25.0395436,48.5275612],[25.0392388,48.5276164],[25.0392637,48.5276749],[25.0392948,48.5276684],[25.0393461,48.5276592],[25.0393772,48.5277206],[25.0396008,48.5276756]]]},"properties":{"id":"48.52763,25.03946","name":"Кам'яниця","address":"В'ячеслава Чорновола, 21","period":null,"color":"gold"}},{"type":"Feature","geometry":{"type":"Polygon","coordinates":[[[25.0393772,48.5277206],[25.0394041,48.5277737],[25.0393521,48.5277844],[25.0392838,48.5277983],[25.0392892,48.5278087],[25.0392258,48.5278209],[25.0392452,48.527862],[25.0394246,48.5278248],[25.0396532,48.5277772],[25.0396008,48.5276756],[25.0393772,48.5277206]]]},"properties":{"id":"48.52775,25.03954","name":"Кам'яниця","address":"В'ячеслава Чорновола, 23","period":null,"color":"gold"}},{"type":"Feature","geometry":{"type":"Polygon","coordinates":[[[25.0398454,48.5276583],[25.0399965,48.5276269],[25.0399844,48.5275917],[25.0402122,48.527539],[25.0403265,48.5275137],[25.0402759,48.5274135],[25.0398119,48.5275114],[25.0397877,48.5275292],[25.0397877,48.5275363],[25.0398454,48.5276583]]]},"properties":{"id":"48.52751,25.04003","name":"Кам'яниця","address":"В'ячеслава Чорновола, 24","period":"1866—1913","color":"#B22222"}},{"type":"Feature","geometry":{"type":"Polygon","coordinates":[[[25.0394862,48.5279547],[25.0394674,48.5279139],[25.0396951,48.527866],[25.0397147,48.5279072],[25.0394862,48.5279547]]]},"properties":{"id":"48.52789,25.0396","name":"Кам'яниця","address":"В'ячеслава Чорновола, 25","period":null,"color":"gold"}},{"type":"Feature","geometry":{"type":"Polygon","coordinates":[[[25.0399218,48.5278134],[25.0403081,48.5277371],[25.0402813,48.5276713],[25.0402732,48.5276696],[25.0400651,48.5277123],[25.0400588,48.5276979],[25.0400318,48.527704],[25.0399965,48.5276269],[25.0398454,48.5276583],[25.0399218,48.5278134]]]},"properties":{"id":"48.52772,25.03996","name":"Кам'яниця","address":"В'ячеслава Чорновола, 26","period":"1866—1913","color":"#B22222"}},{"type":"Feature","geometry":{"type":"Polygon","coordinates":[[[25.0397684,48.5280179],[25.0395446,48.5280699],[25.0394862,48.5279547],[25.0397147,48.5279072],[25.0397684,48.5280179]]]},"properties":{"id":"48.52799,25.03963","name":"Кам'яниця","address":"В'ячеслава Чорновола, 27","period":null,"color":"gold"}},{"type":"Feature","geometry":{"type":"Polygon","coordinates":[[[25.0412861,48.5280372],[25.0411356,48.528081],[25.0414453,48.5285475],[25.0415958,48.5285037],[25.0412861,48.5280372]]]},"properties":{"id":"48.5283,25.04137","name":"Райтарня","address":"В'ячеслава Чорновола, 30","period":"1866—1913","color":"#B22222"}},{"type":"Feature","geometry":{"type":"Polygon","coordinates":[[[25.0407501,48.5290364],[25.0407255,48.5289832],[25.0406714,48.5289942],[25.0406259,48.5288961],[25.0404425,48.5289333],[25.0406094,48.5292937],[25.0407967,48.5292556],[25.0406999,48.5290466],[25.0407501,48.5290364]]]},"properties":{"id":"48.5291,25.04061","name":"Ц. К. Староство","address":"В'ячеслава Чорновола, 32","period":"1772—1865","color":"darkred"}},{"type":"Feature","geometry":{"type":"Polygon","coordinates":[[[25.039171,48.5264766],[25.039106,48.5263691],[25.0390404,48.5263872],[25.0389396,48.5264153],[25.0390139,48.5265075],[25.0390287,48.5265129],[25.039171,48.5264766]]]},"properties":{"id":"48.52644,25.03906","name":"Кам'яниця","address":"В'ячеслава Чорновола, 4","period":"1866—1913","color":"#B22222"}},{"type":"Feature","geometry":{"type":"Polygon","coordinates":[[[25.0398041,48.528689],[25.040056,48.5286354],[25.0399778,48.5284622],[25.0398085,48.5284954],[25.0398268,48.5285365],[25.0398511,48.528532],[25.0398627,48.5285592],[25.0397535,48.5285815],[25.0397693,48.528615],[25.0398041,48.528689]]]},"properties":{"id":"48.52859,25.03991","name":"Кам'яниця","address":"В'ячеслава Чорновола, 43","period":null,"color":"gold"}},{"type":"Feature","geometry":{"type":"Polygon","coordinates":[[[25.0401413,48.5295088],[25.040445,48.5294482],[25.0402807,48.5290873],[25.0402641,48.5290906],[25.0402535,48.5290673],[25.0400855,48.5291009],[25.0401381,48.5292164],[25.0400638,48.5292312],[25.0400982,48.5293067],[25.0401754,48.5292913],[25.0402359,48.5294242],[25.0399841,48.5294744],[25.0400116,48.5295347],[25.0401413,48.5295088]]]},"properties":{"id":"48.52929,25.04027","name":"Нове приміщення Коломийського відділення цісарсько-королівської пошти","address":"В'ячеслава Чорновола, 47","period":"1866—1913","color":"#B22222"}},{"type":"Feature","geometry":{"type":"Polygon","coordinates":[[[25.040445,48.5294482],[25.0401413,48.5295088],[25.0401606,48.5295552],[25.040257,48.5295387],[25.0402613,48.5295197],[25.0402907,48.5295137],[25.0403083,48.5295579],[25.0402906,48.5295623],[25.0403034,48.529595],[25.0403244,48.529592],[25.0403363,48.5296226],[25.0404957,48.529592],[25.0405129,48.5295889],[25.040445,48.5294482]]]},"properties":{"id":"48.52953,25.04039","name":"Кам'яниця","address":"В'ячеслава Чорновола, 49","period":"1866—1913","color":"#B22222"}},{"type":"Feature","geometry":{"type":"Polygon","coordinates":[[[25.0389301,48.5268296],[25.0388176,48.5266738],[25.0389208,48.5266459],[25.0390436,48.5267939],[25.0389301,48.5268296]]]},"properties":{"id":"48.52673,25.03893","name":"Кам'яниця","address":"В'ячеслава Чорновола, 5","period":"1866—1913","color":"#B22222"}},{"type":"Feature","geometry":{"type":"Polygon","coordinates":[[[25.0403764,48.5297141],[25.0405531,48.5296801],[25.0405323,48.5296326],[25.0405149,48.5296359],[25.0404957,48.529592],[25.0403363,48.5296226],[25.0403764,48.5297141]]]},"properties":{"id":"48.52965,25.04044","name":"Заклад артистично фотоґрафічний","address":"В'ячеслава Чорновола, 51","period":"1866—1913","color":"#B22222"}},{"type":"Feature","geometry":{"type":"Polygon","coordinates":[[[25.0406327,48.5298649],[25.040329,48.5299286],[25.0403503,48.5299731],[25.0404408,48.5299546],[25.0404883,48.5300483],[25.0403867,48.530087],[25.0404565,48.530177],[25.0407335,48.5300773],[25.0406327,48.5298649]]]},"properties":{"id":"48.53,25.04058","name":"Кам'яниця","address":"В'ячеслава Чорновола, 55","period":"1866—1913","color":"#B22222"}},{"type":"Feature","geometry":{"type":"Polygon","coordinates":[[[25.0391762,48.5267085],[25.0393317,48.5266552],[25.0392942,48.5265984],[25.0393398,48.5265824],[25.0393505,48.5265895],[25.0393854,48.5266446],[25.0395007,48.5266055],[25.0394256,48.5264954],[25.0390966,48.5265796],[25.0390872,48.5265978],[25.0391762,48.5267085]]]},"properties":{"id":"48.52662,25.03921","name":"Кам'яниця","address":"В'ячеслава Чорновола, 6","period":null,"color":"gold"}},{"type":"Feature","geometry":{"type":"Polygon","coordinates":[[[25.0388643,48.526958],[25.0390072,48.5269341],[25.039093,48.5269164],[25.0391091,48.5269075],[25.0391145,48.5269004],[25.0391118,48.5268826],[25.0390436,48.5267939],[25.0388155,48.5268681],[25.0388329,48.5269011],[25.0389204,48.5268781],[25.0389363,48.5269087],[25.0388472,48.5269271],[25.0388643,48.526958]]]},"properties":{"id":"48.52687,25.03899","name":"Кам'яниця","address":"В'ячеслава Чорновола, 7","period":"1866—1913","color":"#B22222"}},{"type":"Feature","geometry":{"type":"Polygon","coordinates":[[[25.0393339,48.5266548],[25.0393682,48.5267015],[25.0392127,48.526755],[25.0391764,48.5267103],[25.0393339,48.5266548]]]},"properties":{"id":"48.5267,25.03927","name":"Кам'яниця","address":"В'ячеслава Чорновола, 8","period":"1914—1918","color":"#FF4500"}},{"type":"Feature","geometry":{"type":"Polygon","coordinates":[[[25.039051,48.5271658],[25.0391157,48.52715],[25.0391093,48.5271374],[25.0392661,48.5270953],[25.0391842,48.5269782],[25.0391607,48.5269709],[25.0389799,48.5270055],[25.0390363,48.5271327],[25.039051,48.5271658]]]},"properties":{"id":"48.52705,25.03911","name":"Кам'яниця","address":"В'ячеслава Чорновола, 9","period":"1866—1913","color":"#B22222"}},{"type":"Feature","geometry":{"type":"Polygon","coordinates":[[[25.0382941,48.5277888],[25.0384795,48.5277551],[25.0385427,48.5278981],[25.038389,48.5279297],[25.0383559,48.527935],[25.0382941,48.5277888]]]},"properties":{"id":"48.52785,25.03842","name":"Кам'яниця","address":"Валова, 11","period":null,"color":"gold"}},{"type":"Feature","geometry":{"type":"Polygon","coordinates":[[[25.0385427,48.5278981],[25.038619,48.5278829],[25.0386134,48.5278699],[25.0386034,48.5278467],[25.0387069,48.5278269],[25.0386624,48.5277245],[25.0384795,48.5277551],[25.0385427,48.5278981]]]},"properties":{"id":"48.5278,25.03858","name":"Кам'яниця","address":"Валова, 13","period":null,"color":"gold"}},{"type":"Feature","geometry":{"type":"Polygon","coordinates":[[[25.0407097,48.5270548],[25.0406742,48.5270616],[25.040667,48.5270456],[25.0406294,48.5270531],[25.0406368,48.5270695],[25.040631,48.5270707],[25.0406958,48.5272142],[25.0408657,48.5271833],[25.0408166,48.5270744],[25.0407592,48.5270857],[25.0407651,48.5270995],[25.0407261,48.5271075],[25.0407097,48.5270548]]]},"properties":{"id":"48.52715,25.04076","name":"Кам'яниця","address":"Валова, 14","period":null,"color":"gold"}},{"type":"Feature","geometry":{"type":"Polygon","coordinates":[[[25.0389764,48.5277746],[25.0389338,48.5276741],[25.0386624,48.5277245],[25.0387069,48.5278269],[25.0389764,48.5277746]]]},"properties":{"id":"48.52775,25.03881","name":"Кам'яниця","address":"Валова, 15","period":"1866—1913","color":"#B22222"}},{"type":"Feature","geometry":{"type":"Polygon","coordinates":[[[25.0390831,48.5278474],[25.0389999,48.5276627],[25.0391914,48.5276263],[25.0392161,48.5276847],[25.0392514,48.5278156],[25.0392258,48.5278209],[25.0390831,48.5278474]]]},"properties":{"id":"48.52772,25.03913","name":"Будинок","address":"Валова, 17","period":"1866—1913","color":"#B22222"}},{"type":"Feature","geometry":{"type":"Polygon","coordinates":[[[25.0404856,48.527524],[25.0406236,48.5274939],[25.0406183,48.5274834],[25.0405961,48.5274879],[25.0405341,48.5273574],[25.0404151,48.5273817],[25.0404856,48.527524]]]},"properties":{"id":"48.52743,25.0405","name":"Будинок","address":"Валова, 21","period":null,"color":"gold"}},{"type":"Feature","geometry":{"type":"Polygon","coordinates":[[[25.0407289,48.5275352],[25.0408521,48.527509],[25.0409077,48.5274973],[25.0409187,48.5275202],[25.0409612,48.5275112],[25.0409324,48.5274471],[25.0409441,48.5274444],[25.0409287,48.527412],[25.0408477,48.5274296],[25.0408392,48.5274095],[25.04092,48.5273923],[25.0409188,48.5273899],[25.0408743,48.5272983],[25.0408685,48.5272863],[25.0405341,48.5273574],[25.0405961,48.5274879],[25.0406183,48.5274834],[25.0406963,48.5274675],[25.0407289,48.5275352]]]},"properties":{"id":"48.52739,25.04071","name":"Кам'яниця","address":"Валова, 23","period":null,"color":"gold"}},{"type":"Feature","geometry":{"type":"Polygon","coordinates":[[[25.0416545,48.52703],[25.0420381,48.5269625],[25.0419737,48.5267796],[25.0418825,48.526792],[25.0418664,48.5267991],[25.0415794,48.52684],[25.0415928,48.5268719],[25.0415848,48.5268773],[25.0416545,48.52703]]]},"properties":{"id":"48.52692,25.04182","name":"Кам'яниця","address":"Валова, 36","period":null,"color":"gold"}},{"type":"Feature","geometry":{"type":"Polygon","coordinates":[[[25.0433762,48.5270114],[25.0435448,48.5269823],[25.0435576,48.5269721],[25.0435237,48.5268782],[25.0433004,48.5269121],[25.0433396,48.5270087],[25.0433762,48.5270114]]]},"properties":{"id":"48.52696,25.04344","name":"Будинок","address":"Валова, 47а","period":null,"color":"gold"}},{"type":"Feature","geometry":{"type":"Polygon","coordinates":[[[25.0387763,48.5276067],[25.0389755,48.5275726],[25.0389316,48.5274602],[25.0389273,48.5274495],[25.0387589,48.5274772],[25.0387735,48.5275093],[25.0387449,48.5275139],[25.0387606,48.5275604],[25.0387763,48.5276067]]]},"properties":{"id":"48.52753,25.03886","name":"Кам'яниця","address":"Валова, 6","period":"1866—1913","color":"#B22222"}},{"type":"Feature","geometry":{"type":"Polygon","coordinates":[[[25.0433427,48.5255525],[25.0435362,48.5255464],[25.0435468,48.5256957],[25.0433976,48.5257004],[25.043391,48.5256076],[25.0433467,48.525609],[25.0433427,48.5255525]]]},"properties":{"id":"48.52562,25.04346","name":"Вілла","address":"Валова, 65","period":"1866—1913","color":"#B22222"}},{"type":"Feature","geometry":{"type":"Polygon","coordinates":[[[25.0389755,48.5275726],[25.0391713,48.5275378],[25.0391511,48.5274753],[25.0391116,48.5273817],[25.0390521,48.5273936],[25.039067,48.5274341],[25.0389316,48.5274602],[25.0389755,48.5275726]]]},"properties":{"id":"48.5275,25.03907","name":"Кам'яниця","address":"Валова, 8","period":null,"color":"gold"}},{"type":"Feature","geometry":{"type":"Polygon","coordinates":[[[25.0382857,48.5279911],[25.0383689,48.5279769],[25.0382941,48.5277888],[25.0381301,48.5278223],[25.0380979,48.5278543],[25.0380631,48.5279111],[25.0381704,48.5279147],[25.0382482,48.5279005],[25.0382857,48.5279911]]]},"properties":{"id":"48.52785,25.03819","name":"Кам'яниця","address":"Валова, 9","period":"1866—1913","color":"#B22222"}},{"type":"Feature","geometry":{"type":"Polygon","coordinates":[[[25.0382023,48.5243054],[25.0383464,48.5242641],[25.038353,48.5242748],[25.0384443,48.5244247],[25.0384465,48.5244285],[25.0383071,48.5244672],[25.038261,48.524396],[25.0382023,48.5243054]]]},"properties":{"id":"48.52435,25.03832","name":"Кам'яниця","address":"Василя Нагірного, 19","period":null,"color":"gold"}},{"type":"Feature","geometry":{"type":"Polygon","coordinates":[[[25.0386918,48.5240804],[25.0386036,48.5241037],[25.0385404,48.5239987],[25.0386286,48.5239755],[25.0386407,48.5239956],[25.0386918,48.5240804]]]},"properties":{"id":"48.52405,25.03862","name":"Кам'яниця","address":"Василя Нагірного, 20","period":null,"color":"gold"}},{"type":"Feature","geometry":{"type":"Polygon","coordinates":[[[25.0390478,48.5239241],[25.0390718,48.5239764],[25.0388991,48.5240233],[25.0388725,48.5239707],[25.0390478,48.5239241]]]},"properties":{"id":"48.52397,25.03898","name":"Кам'яниця","address":"Василя Нагірного, 28","period":null,"color":"gold"}},{"type":"Feature","geometry":{"type":"Polygon","coordinates":[[[25.0391682,48.5238701],[25.0393172,48.5238357],[25.0393522,48.5239027],[25.0392036,48.5239369],[25.0391682,48.5238701]]]},"properties":{"id":"48.52389,25.03926","name":"Кам'яниця","address":"Василя Нагірного, 30","period":null,"color":"gold"}},{"type":"Feature","geometry":{"type":"Polygon","coordinates":[[[25.0377166,48.5242093],[25.0374849,48.5242735],[25.0375609,48.524394],[25.0377927,48.5243299],[25.0377166,48.5242093]]]},"properties":{"id":"48.52431,25.03763","name":"Кам'яниця","address":"Василя Нагірного, 8","period":null,"color":"gold"}},{"type":"Feature","geometry":{"type":"Polygon","coordinates":[[[25.040486,48.5251178],[25.0404443,48.5250005],[25.0406264,48.5249721],[25.040668,48.5250894],[25.040486,48.5251178]]]},"properties":{"id":"48.52505,25.04056","name":"Будинок","address":"Василя Стуса, 11","period":null,"color":"gold"}},{"type":"Feature","geometry":{"type":"Polygon","coordinates":[[[25.0407341,48.5253032],[25.0406032,48.5253223],[25.0405685,48.525218],[25.0406994,48.5251989],[25.0407341,48.5253032]]]},"properties":{"id":"48.52527,25.04065","name":"Будинок","address":"Василя Стуса, 17","period":null,"color":"gold"}},{"type":"Feature","geometry":{"type":"Polygon","coordinates":[[[25.0406238,48.5254509],[25.0406772,48.5254424],[25.040783,48.5254254],[25.0407506,48.5253369],[25.0406832,48.5253477],[25.0406908,48.5253686],[25.040651,48.525375],[25.0406438,48.5253554],[25.0405862,48.5253646],[25.0405938,48.5253853],[25.0405634,48.5253901],[25.0405781,48.5254302],[25.0406141,48.5254244],[25.0406238,48.5254509]]]},"properties":{"id":"48.5254,25.04071","name":"Будинок","address":"Василя Стуса, 19","period":null,"color":"gold"}},{"type":"Feature","geometry":{"type":"Polygon","coordinates":[[[25.0405736,48.5244987],[25.0407023,48.5244792],[25.0406943,48.5244525],[25.0407345,48.5244472],[25.0407023,48.5243495],[25.0405629,48.5243708],[25.0405414,48.5243815],[25.0405387,48.524401],[25.0405736,48.5244987]]]},"properties":{"id":"48.52444,25.04063","name":"Кам'яниця","address":"Василя Стуса, 2","period":null,"color":"gold"}},{"type":"Feature","geometry":{"type":"Polygon","coordinates":[[[25.0406772,48.5254424],[25.040783,48.5254254],[25.040825,48.5255405],[25.0407192,48.5255575],[25.0406772,48.5254424]]]},"properties":{"id":"48.5255,25.04075","name":"Будинок","address":"Василя Стуса, 21","period":null,"color":"gold"}},{"type":"Feature","geometry":{"type":"Polygon","coordinates":[[[25.0409705,48.5252377],[25.0409923,48.5253087],[25.0408473,48.5253282],[25.0408255,48.5252573],[25.0409705,48.5252377]]]},"properties":{"id":"48.52529,25.0409","name":"Будинок","address":"Василя Стуса, 24","period":null,"color":"gold"}},{"type":"Feature","geometry":{"type":"Polygon","coordinates":[[[25.0410689,48.5253038],[25.0410833,48.5253533],[25.0408627,48.5253815],[25.0408483,48.525332],[25.0410689,48.5253038]]]},"properties":{"id":"48.52535,25.04091","name":"Будинок","address":"Василя Стуса, 26","period":null,"color":"gold"}},{"type":"Feature","geometry":{"type":"Polygon","coordinates":[[[25.0410261,48.5253624],[25.0410396,48.5254045],[25.0408778,48.5254274],[25.0408642,48.5253852],[25.0410261,48.5253624]]]},"properties":{"id":"48.5254,25.04093","name":"Будинок","address":"Василя Стуса, 28","period":null,"color":"gold"}},{"type":"Feature","geometry":{"type":"Polygon","coordinates":[[[25.0404695,48.5245205],[25.0405134,48.5246424],[25.0403294,48.5246754],[25.0402779,48.524553],[25.0402954,48.52455],[25.0403983,48.5245325],[25.0404695,48.5245205]]]},"properties":{"id":"48.52461,25.0404","name":"Кам'яниця","address":"Василя Стуса, 3","period":null,"color":"gold"}},{"type":"Feature","geometry":{"type":"Polygon","coordinates":[[[25.0410422,48.5254086],[25.0410542,48.5254488],[25.0408909,48.5254701],[25.0408789,48.5254298],[25.0410422,48.5254086]]]},"properties":{"id":"48.52544,25.04095","name":"Будинок","address":"Василя Стуса, 30","period":null,"color":"gold"}},{"type":"Feature","geometry":{"type":"Polygon","coordinates":[[[25.0403885,48.524774],[25.0405521,48.5247507],[25.0405134,48.5246424],[25.0403294,48.5246754],[25.0402882,48.5246827],[25.0402663,48.5246867],[25.0402787,48.5247206],[25.0402851,48.5247381],[25.0403671,48.5247225],[25.0403885,48.524774]]]},"properties":{"id":"48.52471,25.04046","name":"Кам'яниця","address":"Василя Стуса, 5","period":null,"color":"gold"}},{"type":"Feature","geometry":{"type":"Polygon","coordinates":[[[25.0405883,48.524861],[25.0406243,48.5249702],[25.0404457,48.5249971],[25.0404091,48.5248903],[25.0405883,48.524861]]]},"properties":{"id":"48.52493,25.04053","name":"Будинок","address":"Василя Стуса, 9","period":null,"color":"gold"}},{"type":"Feature","geometry":{"type":"Polygon","coordinates":[[[25.0375021,48.5278221],[25.0373789,48.5278403],[25.0373335,48.5277059],[25.0374567,48.5276877],[25.0375021,48.5278221]]]},"properties":{"id":"48.52776,25.03742","name":"Кам'яниця","address":"Вічевий майдан","period":null,"color":"gold"}},{"type":"Feature","geometry":{"type":"Polygon","coordinates":[[[25.0364736,48.5281827],[25.0364435,48.5280735],[25.0361162,48.5281197],[25.0361095,48.5281368],[25.0361903,48.5282833],[25.0362982,48.5282569],[25.0362813,48.5282246],[25.0364381,48.5282005],[25.0364348,48.5281887],[25.0364736,48.5281827]]]},"properties":{"id":"48.52815,25.03629","name":"Кам'яниця","address":"Вічевий майдан, 1","period":"1866—1913","color":"#B22222"}},{"type":"Feature","geometry":{"type":"Polygon","coordinates":[[[25.0369083,48.5280179],[25.0373321,48.5279587],[25.0374057,48.5281897],[25.0372207,48.5282156],[25.0372037,48.5281623],[25.0369649,48.5281957],[25.0369083,48.5280179]]]},"properties":{"id":"48.52807,25.03713","name":"Кінотеатр \"Ґвязда\"","address":"Вічевий майдан, 7","period":"1866—1913","color":"#B22222"}},{"type":"Feature","geometry":{"type":"Polygon","coordinates":[[[25.0337934,48.5203118],[25.0339456,48.5203063],[25.0339562,48.5204356],[25.0338041,48.5204411],[25.0337934,48.5203118]]]},"properties":{"id":"48.52038,25.03387","name":"Будинок","address":"Володимира Гнатюка, 14","period":"1919—1944","color":"#ff9b00"}},{"type":"Feature","geometry":{"type":"Polygon","coordinates":[[[25.0341685,48.5203932],[25.034264,48.5203915],[25.0342601,48.5202952],[25.0341617,48.5202969],[25.0341635,48.520335],[25.034147,48.520335],[25.0341472,48.5203557],[25.0341668,48.520356],[25.0341685,48.5203932]]]},"properties":{"id":"48.52034,25.03422","name":"Будинок","address":"Володимира Гнатюка, 15","period":null,"color":"gold"}},{"type":"Feature","geometry":{"type":"Polygon","coordinates":[[[25.0337527,48.5201338],[25.0339056,48.5201196],[25.0338895,48.5200397],[25.0337822,48.5200486],[25.0337876,48.5200716],[25.033742,48.5200752],[25.0337527,48.5201338]]]},"properties":{"id":"48.52008,25.03383","name":"Будинок","address":"Володимира Гнатюка, 16","period":"1919—1944","color":"#ff9b00"}},{"type":"Feature","geometry":{"type":"Polygon","coordinates":[[[25.0341265,48.5198747],[25.0342388,48.5198544],[25.0342053,48.5197732],[25.0340956,48.519793],[25.0341104,48.5198291],[25.0340914,48.5198325],[25.0340976,48.5198477],[25.0341142,48.5198447],[25.0341265,48.5198747]]]},"properties":{"id":"48.51982,25.03417","name":"Будинок","address":"Володимира Гнатюка, 21","period":null,"color":"gold"}},{"type":"Feature","geometry":{"type":"Polygon","coordinates":[[[25.033742,48.5196382],[25.0337876,48.5196293],[25.0337849,48.5196133],[25.0338439,48.5196026],[25.0338117,48.519528],[25.0337474,48.5195387],[25.033742,48.5195245],[25.033734,48.5195227],[25.033675,48.5195351],[25.0336803,48.5195529],[25.0336455,48.51956],[25.0336776,48.5196328],[25.0337366,48.5196222],[25.033742,48.5196382]]]},"properties":{"id":"48.51958,25.03374","name":"Будинок","address":"Володимира Гнатюка, 22","period":null,"color":"gold"}},{"type":"Feature","geometry":{"type":"Polygon","coordinates":[[[25.0328546,48.5183594],[25.0329237,48.5184563],[25.0330504,48.5184166],[25.0329812,48.5183198],[25.0328546,48.5183594]]]},"properties":{"id":"48.51839,25.03296","name":"Будинок","address":"Володимира Гнатюка, 30","period":null,"color":"gold"}},{"type":"Feature","geometry":{"type":"Polygon","coordinates":[[[25.0330808,48.5181582],[25.0331382,48.5182468],[25.0332645,48.5182109],[25.033196,48.5181051],[25.0332045,48.518091],[25.0331806,48.5180541],[25.0330419,48.5180935],[25.033052,48.5181091],[25.0330173,48.5181189],[25.0330486,48.5181673],[25.0330808,48.5181582]]]},"properties":{"id":"48.51814,25.03316","name":"Будинок","address":"Володимира Гнатюка, 31","period":null,"color":"gold"}},{"type":"Feature","geometry":{"type":"Polygon","coordinates":[[[25.0328694,48.5182346],[25.0328954,48.5182253],[25.0328665,48.51819],[25.0328416,48.5181989],[25.0328198,48.5181722],[25.0326931,48.5182178],[25.032747,48.5182837],[25.0327719,48.5182747],[25.0327925,48.5182998],[25.0328931,48.5182637],[25.0328694,48.5182346]]]},"properties":{"id":"48.51823,25.03281","name":"Будинок","address":"Володимира Гнатюка, 32","period":"1919—1944","color":"#ff9b00"}},{"type":"Feature","geometry":{"type":"Polygon","coordinates":[[[25.0328433,48.5177597],[25.032865,48.5177833],[25.0329513,48.5177485],[25.0329177,48.5177119],[25.0329523,48.517698],[25.0329075,48.5176492],[25.0327877,48.5176974],[25.0328094,48.517721],[25.032783,48.5177317],[25.0328179,48.5177698],[25.0328433,48.5177597]]]},"properties":{"id":"48.51772,25.03288","name":"Будинок","address":"Володимира Гнатюка, 33","period":"1919—1944","color":"#ff9b00"}},{"type":"Feature","geometry":{"type":"Polygon","coordinates":[[[25.0342187,48.5208302],[25.0343254,48.5208211],[25.0343119,48.5207516],[25.0344452,48.5207402],[25.0344338,48.5206815],[25.0343397,48.5206895],[25.0343434,48.5207084],[25.0341965,48.5207209],[25.0342047,48.5207631],[25.0341888,48.5207644],[25.0341954,48.5207982],[25.0342122,48.5207967],[25.0342187,48.5208302]]]},"properties":{"id":"48.52077,25.03426","name":"Будинок","address":"Володимира Гнатюка, 9","period":"1919—1944","color":"#ff9b00"}},{"type":"Feature","geometry":{"type":"Polygon","coordinates":[[[25.0651023,48.5259504],[25.0650219,48.5259674],[25.0649711,48.5258617],[25.0650515,48.5258447],[25.0651023,48.5259504]]]},"properties":{"id":"48.52591,25.06504","name":"Будинок","address":"Володимира Івасюка, 2","period":"1919—1944","color":"#ff9b00"}},{"type":"Feature","geometry":{"type":"Polygon","coordinates":[[[25.0651614,48.5270638],[25.0652869,48.5270382],[25.0652696,48.5270018],[25.0652851,48.5269985],[25.0652696,48.5269612],[25.065252,48.5269641],[25.0652335,48.5269237],[25.065199,48.5269306],[25.0651855,48.5269021],[25.0650951,48.5269194],[25.0651179,48.5269675],[25.0651593,48.526959],[25.0651766,48.5269992],[25.065134,48.5270069],[25.0651614,48.5270638]]]},"properties":{"id":"48.527,25.06522","name":"Будинок","address":"Володимира Івасюка, 5","period":"1919—1944","color":"#ff9b00"}},{"type":"Feature","geometry":{"type":"Polygon","coordinates":[[[25.0411036,48.5275913],[25.0411474,48.5275793],[25.0411757,48.5276245],[25.0411319,48.5276365],[25.0411036,48.5275913]]]},"properties":{"id":"48.5276,25.04114","name":"\"Білі касарні\"","address":"Вольфґанґа Амадея Моцарта","period":"1866—1913","color":"#B22222"}},{"type":"Feature","geometry":{"type":"Polygon","coordinates":[[[25.0330659,48.5244016],[25.0331863,48.5243395],[25.0330455,48.5242198],[25.032965,48.5242613],[25.0329741,48.5242691],[25.0329342,48.5242896],[25.0330659,48.5244016]]]},"properties":{"id":"48.52431,25.03306","name":"Будинок","address":"Гетьманська, 11","period":null,"color":"gold"}},{"type":"Feature","geometry":{"type":"Polygon","coordinates":[[[25.032368,48.5246883],[25.0324399,48.5247621],[25.032626,48.5246824],[25.032554,48.5246087],[25.032368,48.5246883]]]},"properties":{"id":"48.52469,25.03251","name":"Будинок","address":"Гетьманська, 14","period":"1866—1913","color":"#B22222"}},{"type":"Feature","geometry":{"type":"Polygon","coordinates":[[[25.03084,48.5246957],[25.0308371,48.5247183],[25.0309173,48.5247227],[25.0309378,48.5245589],[25.0306592,48.5245436],[25.0306388,48.5247068],[25.0307151,48.524711],[25.0307179,48.5246889],[25.03084,48.5246957]]]},"properties":{"id":"48.52463,25.03079","name":"Будинок","address":"Гетьманська, 32","period":"1919—1944","color":"#ff9b00"}},{"type":"Feature","geometry":{"type":"Polygon","coordinates":[[[25.0305879,48.5247557],[25.0305833,48.5248059],[25.0303713,48.5247973],[25.0303759,48.5247471],[25.0305879,48.5247557]]]},"properties":{"id":"48.52477,25.03048","name":"Будинок","address":"Гетьманська, 32а","period":"1919—1944","color":"#ff9b00"}},{"type":"Feature","geometry":{"type":"Polygon","coordinates":[[[25.0303033,48.5245561],[25.0303544,48.5246711],[25.0302639,48.5246887],[25.0302128,48.5245737],[25.0303033,48.5245561]]]},"properties":{"id":"48.52463,25.03028","name":"Будинок","address":"Гетьманська, 32б","period":"1919—1944","color":"#ff9b00"}},{"type":"Feature","geometry":{"type":"Polygon","coordinates":[[[25.0338337,48.5247758],[25.0338036,48.5247434],[25.0337734,48.5247556],[25.0336967,48.5246731],[25.03374,48.5246555],[25.0337011,48.5246136],[25.0334886,48.5247001],[25.0336344,48.524857],[25.0338337,48.5247758]]]},"properties":{"id":"48.52474,25.03364","name":"Цегляний будинок","address":"Гетьманська, 5","period":"1919—1944","color":"#ff9b00"}},{"type":"Feature","geometry":{"type":"Polygon","coordinates":[[[25.0293252,48.5232382],[25.0294551,48.5231968],[25.0293402,48.5230386],[25.0291986,48.5230837],[25.0292155,48.5231069],[25.0292324,48.5231015],[25.0292519,48.5231283],[25.0292363,48.5231333],[25.0292637,48.5231709],[25.0292904,48.5231624],[25.0293166,48.5231984],[25.0293001,48.5232037],[25.0293252,48.5232382]]]},"properties":{"id":"48.52313,25.02934","name":"Будинок","address":"Гетьманська, 50","period":"1866—1913","color":"#B22222"}},{"type":"Feature","geometry":{"type":"Polygon","coordinates":[[[25.0289998,48.5220474],[25.0290728,48.5221072],[25.0289329,48.522182],[25.02886,48.5221222],[25.0289998,48.5220474]]]},"properties":{"id":"48.52212,25.02896","name":"Будинок","address":"Гетьманська, 59","period":"1866—1913","color":"#B22222"}},{"type":"Feature","geometry":{"type":"Polygon","coordinates":[[[25.033114,48.5217829],[25.0331549,48.5218745],[25.0329914,48.5219065],[25.0329505,48.5218148],[25.033114,48.5217829]]]},"properties":{"id":"48.52185,25.03306","name":"Будинок","address":"Григорія Ількевича, 3","period":"1919—1944","color":"#ff9b00"}},{"type":"Feature","geometry":{"type":"Polygon","coordinates":[[[25.0458021,48.5166438],[25.0457837,48.5166466],[25.0457722,48.5166126],[25.0456591,48.5166294],[25.0456943,48.5167331],[25.0458047,48.5167166],[25.0457926,48.5166809],[25.0458136,48.5166778],[25.0458021,48.5166438]]]},"properties":{"id":"48.51668,25.04574","name":"Будинок","address":"Дениса Січинського, 18","period":null,"color":"gold"}},{"type":"Feature","geometry":{"type":"Polygon","coordinates":[[[25.0455694,48.5164034],[25.0455785,48.5164467],[25.0455518,48.5164492],[25.0455561,48.5164695],[25.0456015,48.5164653],[25.0456124,48.5165175],[25.0457378,48.5165059],[25.0457277,48.5164573],[25.045749,48.5164553],[25.0457425,48.5164244],[25.0457198,48.5164265],[25.0457122,48.5163902],[25.0455694,48.5164034]]]},"properties":{"id":"48.51646,25.04567","name":"Будинок","address":"Дениса Січинського, 20","period":null,"color":"gold"}},{"type":"Feature","geometry":{"type":"Polygon","coordinates":[[[25.0455495,48.5161357],[25.0455602,48.5160926],[25.0455846,48.5159926],[25.0455987,48.5159357],[25.0457071,48.5159475],[25.0456575,48.5161474],[25.0455495,48.5161357]]]},"properties":{"id":"48.51604,25.04562","name":"Школа ім. св. Миколая (4-класна, мішана)","address":"Дениса Січинського, 22","period":"1866—1913","color":"#B22222"}},{"type":"Feature","geometry":{"type":"Polygon","coordinates":[[[25.0437812,48.5222962],[25.0437657,48.5223622],[25.0436253,48.5223478],[25.0436408,48.5222817],[25.0437812,48.5222962]]]},"properties":{"id":"48.52232,25.0437","name":"Будинок","address":"Дмитра Николишина, 26","period":null,"color":"gold"}},{"type":"Feature","geometry":{"type":"Polygon","coordinates":[[[25.0434707,48.5221062],[25.0434726,48.5220972],[25.0435459,48.5221037],[25.0435558,48.5220544],[25.0433932,48.52204],[25.0433814,48.5220983],[25.0434707,48.5221062]]]},"properties":{"id":"48.52207,25.04347","name":"Будинок","address":"Дмитра Николишина, 37","period":null,"color":"gold"}},{"type":"Feature","geometry":{"type":"Polygon","coordinates":[[[25.0620736,48.5325571],[25.0621437,48.5325452],[25.0621123,48.5324637],[25.061971,48.5324876],[25.0619874,48.5325303],[25.0620587,48.5325183],[25.0620736,48.5325571]]]},"properties":{"id":"48.53251,25.06209","name":"Будинок","address":"Дмитра Яворницького, 10","period":"1866—1913","color":"#B22222"}},{"type":"Feature","geometry":{"type":"Polygon","coordinates":[[[25.0456551,48.5257923],[25.0456564,48.5258452],[25.0457851,48.5258417],[25.0457863,48.5257698],[25.0457412,48.5256543],[25.045548,48.5256874],[25.04552,48.5256157],[25.0454849,48.5256217],[25.0454426,48.5255134],[25.0454756,48.5255078],[25.0454591,48.5254653],[25.0460132,48.5253705],[25.0459559,48.5252237],[25.0452025,48.5253527],[25.0453498,48.52573],[25.0453928,48.5257226],[25.0454347,48.52583],[25.0456551,48.5257923]]]},"properties":{"id":"48.52577,25.04549","name":"Кам'яниця","address":"Євгена Коновальця, 10","period":null,"color":"gold"}},{"type":"Feature","geometry":{"type":"Polygon","coordinates":[[[25.0447122,48.5259518],[25.0450341,48.5258896],[25.0449349,48.5256765],[25.0446157,48.5257386],[25.0446559,48.5258328],[25.0447578,48.525815],[25.0447739,48.525847],[25.0447686,48.5258541],[25.0446747,48.5258701],[25.0447122,48.5259518]]]},"properties":{"id":"48.5258,25.04486","name":"Гебрайська школа барона Моріса де Ґірша","address":"Євгена Коновальця, 11","period":"1866—1913","color":"#B22222"}},{"type":"Feature","geometry":{"type":"Polygon","coordinates":[[[25.045754,48.5272809],[25.04573,48.52724],[25.0457553,48.5272335],[25.0457296,48.5271897],[25.0457044,48.5271962],[25.0456906,48.5271726],[25.045508,48.5272195],[25.0455133,48.5272285],[25.0455476,48.5272873],[25.0455714,48.5273278],[25.045754,48.5272809]]]},"properties":{"id":"48.52725,25.04563","name":"Вілла \"Ванда\"","address":"Євгена Коновальця, 27","period":"1919—1944","color":"#ff9b00"}},{"type":"Feature","geometry":{"type":"Polygon","coordinates":[[[25.0447645,48.5253003],[25.044918,48.525276],[25.0449605,48.5253937],[25.0448069,48.5254179],[25.0447645,48.5253003]]]},"properties":{"id":"48.52535,25.04487","name":"Будинок","address":"Євгена Коновальця, 7","period":null,"color":"gold"}},{"type":"Feature","geometry":{"type":"Polygon","coordinates":[[[24.9945655,48.5426036],[24.9948296,48.5424556],[24.9947253,48.5423742],[24.9944769,48.5425133],[24.9943833,48.5424322],[24.9943335,48.5424598],[24.9944241,48.542547],[24.9944645,48.5425248],[24.9945655,48.5426036]]]},"properties":{"id":"48.54249,24.99462","name":"Бровар паровий Бреттлера і спілки в Дятьківцях","address":"Заводська, 3","period":"1866—1913","color":"#B22222"}},{"type":"Feature","geometry":{"type":"Polygon","coordinates":[[[25.0363108,48.5243597],[25.0365749,48.5242269],[25.036508,48.5241787],[25.0363646,48.5242506],[25.0363265,48.5242234],[25.0362909,48.5242432],[25.036197,48.5241739],[25.036129,48.5242115],[25.0363108,48.5243597]]]},"properties":{"id":"48.52427,25.03638","name":"Кам'яниця","address":"Замкова, 26","period":null,"color":"gold"}},{"type":"Feature","geometry":{"type":"Polygon","coordinates":[[[25.03722,48.5237152],[25.0373325,48.5237627],[25.0374828,48.5234994],[25.0373657,48.5234768],[25.03722,48.5237152]]]},"properties":{"id":"48.52363,25.03734","name":"Кам'яниця","address":"Замкова, 44","period":"1866—1913","color":"#B22222"}},{"type":"Feature","geometry":{"type":"Polygon","coordinates":[[[25.0380633,48.5226044],[25.0380682,48.5224554],[25.0379914,48.5224543],[25.0379899,48.5225012],[25.0378649,48.5224993],[25.0378615,48.5226015],[25.0380633,48.5226044]]]},"properties":{"id":"48.52255,25.03798","name":"Кам'яниця","address":"Замкова, 72","period":null,"color":"gold"}},{"type":"Feature","geometry":{"type":"Polygon","coordinates":[[[25.0405495,48.5228466],[25.0407077,48.5228466],[25.0407318,48.5228324],[25.0408579,48.5225961],[25.0406863,48.522557],[25.0406165,48.5226974],[25.0405548,48.5227276],[25.040359,48.522724],[25.0403563,48.5228448],[25.0405495,48.5228466]]]},"properties":{"id":"48.52276,25.04065","name":"Кам'яниця","address":"Замкова, 80","period":"1866—1913","color":"#B22222"}},{"type":"Feature","geometry":{"type":"Polygon","coordinates":[[[25.0415933,48.5227298],[25.0418789,48.5227058],[25.0418539,48.5225752],[25.0418021,48.5225796],[25.041805,48.5225948],[25.0415621,48.5226152],[25.0415645,48.5226282],[25.0415259,48.5226314],[25.0415444,48.5227278],[25.0415921,48.5227238],[25.0415933,48.5227298]]]},"properties":{"id":"48.52266,25.04171","name":"Кам'яниця","address":"Замкова, 86","period":"1866—1913","color":"#B22222"}},{"type":"Feature","geometry":{"type":"Polygon","coordinates":[[[25.0583293,48.52855],[25.0584086,48.528682],[25.0587214,48.5285996],[25.0586421,48.5284676],[25.0583293,48.52855]]]},"properties":{"id":"48.52858,25.05853","name":"Газівня","address":"Івана Богуна, 5","period":"1866—1913","color":"#B22222"}},{"type":"Feature","geometry":{"type":"Polygon","coordinates":[[[25.0384593,48.5265516],[25.0385123,48.526673],[25.0383293,48.5267111],[25.0382797,48.5265895],[25.0384593,48.5265516]]]},"properties":{"id":"48.52664,25.03839","name":"Кам'яниця","address":"Івана Вагилевича, 3","period":"1866—1913","color":"#B22222"}},{"type":"Feature","geometry":{"type":"Polygon","coordinates":[[[25.0386205,48.5268425],[25.0385565,48.5268547],[25.0385424,48.5268325],[25.0386047,48.526819],[25.0385491,48.5267369],[25.0384117,48.5267689],[25.0384896,48.5269249],[25.0386494,48.5268851],[25.0386205,48.5268425]]]},"properties":{"id":"48.52681,25.0385","name":"Кам'яниця","address":"Івана Вагилевича, 4","period":"1866—1913","color":"#B22222"}},{"type":"Feature","geometry":{"type":"Polygon","coordinates":[[[25.0381796,48.5266366],[25.0382259,48.5267338],[25.0383293,48.5267111],[25.0382875,48.526617],[25.0382012,48.5266324],[25.0381796,48.5266366]]]},"properties":{"id":"48.52668,25.03825","name":"Кам'яниця","address":"Івана Вагилевича, 5","period":"1866—1913","color":"#B22222"}},{"type":"Feature","geometry":{"type":"Polygon","coordinates":[[[25.0304266,48.5197041],[25.0305511,48.5196502],[25.0305129,48.5196114],[25.0304599,48.5196343],[25.0304463,48.5196206],[25.0304173,48.5196331],[25.0304308,48.5196467],[25.0303882,48.5196651],[25.0304266,48.5197041]]]},"properties":{"id":"48.51965,25.03046","name":"Будинок","address":"Івана Ґонти, 11","period":null,"color":"gold"}},{"type":"Feature","geometry":{"type":"Polygon","coordinates":[[[25.0306161,48.5202717],[25.0307527,48.5202054],[25.0306656,48.5201267],[25.030529,48.5201929],[25.0306161,48.5202717]]]},"properties":{"id":"48.5202,25.03065","name":"Будинок","address":"Івана Ґонти, 6","period":null,"color":"gold"}},{"type":"Feature","geometry":{"type":"Polygon","coordinates":[[[25.030483,48.519962],[25.0305504,48.5200315],[25.0304465,48.5200756],[25.0303792,48.5200061],[25.030483,48.519962]]]},"properties":{"id":"48.52002,25.03047","name":"Будинок","address":"Івана Ґонти, 8","period":null,"color":"gold"}},{"type":"Feature","geometry":{"type":"Polygon","coordinates":[[[25.0265174,48.5326454],[25.0265382,48.532637],[25.0265155,48.5326123],[25.0264959,48.5326202],[25.0264378,48.5325569],[25.0262589,48.5326289],[25.0263046,48.5326788],[25.0263795,48.5326487],[25.0264446,48.5327196],[25.0265475,48.5326782],[25.0265174,48.5326454]]]},"properties":{"id":"48.53266,25.02647","name":"Будинок","address":"Івана Котляревського, 8","period":null,"color":"gold"}},{"type":"Feature","geometry":{"type":"Polygon","coordinates":[[[25.0272577,48.5330263],[25.0273799,48.5331361],[25.0274856,48.5330845],[25.0273633,48.5329747],[25.0272798,48.5330155],[25.0272577,48.5330263]]]},"properties":{"id":"48.53306,25.02737","name":"Будинок","address":"Івана Котляревського, 9","period":null,"color":"gold"}},{"type":"Feature","geometry":{"type":"Polygon","coordinates":[[[25.0604511,48.5342829],[25.0604601,48.5342995],[25.0603729,48.5343203],[25.0603671,48.5343096],[25.0602991,48.5343258],[25.060305,48.5343367],[25.0602504,48.5343497],[25.0600326,48.5344016],[25.0600158,48.5343707],[25.0599152,48.5343947],[25.0599322,48.5344259],[25.0597991,48.5344576],[25.0597913,48.5344434],[25.0597585,48.5344512],[25.0597664,48.5344656],[25.0596986,48.5344806],[25.0596791,48.5344864],[25.0597071,48.534538],[25.0597381,48.5345951],[25.0597543,48.5345895],[25.0598526,48.5345679],[25.0598489,48.534561],[25.0602186,48.5344729],[25.0602221,48.5344793],[25.0603909,48.5344391],[25.060387,48.534432],[25.0607571,48.5343438],[25.0607612,48.5343514],[25.0608746,48.5343244],[25.0608151,48.5342149],[25.0607342,48.5342342],[25.0607263,48.5342197],[25.060693,48.5342277],[25.0607005,48.5342415],[25.0605765,48.534271],[25.0605679,48.5342551],[25.0604511,48.5342829]]]},"properties":{"id":"48.53441,25.06028","name":"Залізничний двірець","address":"Івана Крип'якевича, 13","period":"1866—1913","color":"#B22222"}},{"type":"Feature","geometry":{"type":"Polygon","coordinates":[[[25.0515455,48.5268769],[25.0516033,48.5268742],[25.0516025,48.5268666],[25.0516383,48.5268649],[25.0516344,48.5268285],[25.0515979,48.5268302],[25.0515972,48.5268237],[25.0515436,48.5268262],[25.0515442,48.5268314],[25.0515203,48.5268326],[25.0515245,48.5268716],[25.0515449,48.5268706],[25.0515455,48.5268769]]]},"properties":{"id":"48.52686,25.05157","name":"Каплиця св. Йосифа (римо-католицький цвинтар)","address":"Івана Мазепи","period":"1866—1913","color":"#B22222"}},{"type":"Feature","geometry":{"type":"Polygon","coordinates":[[[25.0399285,48.5246158],[25.039876,48.5244943],[25.0401005,48.5244507],[25.0401211,48.5244988],[25.0401571,48.5245717],[25.0399285,48.5246158]]]},"properties":{"id":"48.52452,25.03996","name":"Кам'яниця","address":"Івана Мазепи, 1","period":"1866—1913","color":"#B22222"}},{"type":"Feature","geometry":{"type":"Polygon","coordinates":[[[25.0413042,48.5241873],[25.041301,48.5241182],[25.0412904,48.5241183],[25.0412914,48.5240927],[25.0412936,48.5240325],[25.0414144,48.5240368],[25.0414172,48.5239911],[25.0413984,48.5239897],[25.0414024,48.5239234],[25.0414804,48.5239255],[25.0414777,48.5239727],[25.0414896,48.5239733],[25.041476,48.5241927],[25.0413042,48.5241873]]]},"properties":{"id":"48.52411,25.04138","name":"Кам'яниця","address":"Івана Мазепи, 10","period":"1866—1913","color":"#B22222"}},{"type":"Feature","geometry":{"type":"Polygon","coordinates":[[[25.04157,48.5241942],[25.041575,48.5240516],[25.0415456,48.5240509],[25.0415482,48.5240231],[25.0415862,48.5240238],[25.0415893,48.5239283],[25.0414804,48.5239255],[25.0414777,48.5239727],[25.0414896,48.5239733],[25.041476,48.5241927],[25.04157,48.5241942]]]},"properties":{"id":"48.52412,25.04153","name":"Кам'яниця","address":"Івана Мазепи, 12","period":"1866—1913","color":"#B22222"}},{"type":"Feature","geometry":{"type":"Polygon","coordinates":[[[25.0549315,48.5257955],[25.0551058,48.5257777],[25.0550817,48.5256782],[25.05502,48.5256853],[25.0550173,48.5256658],[25.0550092,48.5256658],[25.054961,48.5256711],[25.054961,48.5256907],[25.0549073,48.5256942],[25.0549315,48.5257955]]]},"properties":{"id":"48.52574,25.05501","name":"Кам'яниця","address":"Івана Мазепи, 128","period":"1919—1944","color":"#ff9b00"}},{"type":"Feature","geometry":{"type":"Polygon","coordinates":[[[25.0553097,48.5257564],[25.0553928,48.5257511],[25.0553928,48.5257368],[25.0554357,48.5257351],[25.0554357,48.5257244],[25.0554625,48.5257226],[25.0554518,48.5256445],[25.055425,48.5256445],[25.055425,48.5256356],[25.0554089,48.5256356],[25.0552372,48.525648],[25.0552506,48.5257457],[25.055307,48.525744],[25.0553097,48.5257564]]]},"properties":{"id":"48.5257,25.05535","name":"Будинок","address":"Івана Мазепи, 130","period":"1919—1944","color":"#ff9b00"}},{"type":"Feature","geometry":{"type":"Polygon","coordinates":[[[25.0559472,48.5251125],[25.0557273,48.5251737],[25.0559022,48.5254749],[25.0561274,48.5254659],[25.0561262,48.5254139],[25.0559472,48.5251125]]]},"properties":{"id":"48.52529,25.05594","name":"Школа ім. Св. Казимира","address":"Івана Мазепи, 132а","period":"1866—1913","color":"#B22222"}},{"type":"Feature","geometry":{"type":"Polygon","coordinates":[[[25.0416543,48.5241994],[25.0416707,48.5241996],[25.0416761,48.5240546],[25.041575,48.5240516],[25.04157,48.5241942],[25.0416545,48.5241947],[25.0416543,48.5241994]]]},"properties":{"id":"48.52414,25.04162","name":"Кам'яниця","address":"Івана Мазепи, 14","period":"1866—1913","color":"#B22222"}},{"type":"Feature","geometry":{"type":"Polygon","coordinates":[[[25.0590849,48.5257308],[25.0591635,48.5257284],[25.0591626,48.5257159],[25.059199,48.5257148],[25.0591921,48.5256164],[25.059022,48.5256216],[25.0590288,48.52572],[25.059084,48.5257183],[25.0590849,48.5257308]]]},"properties":{"id":"48.52567,25.05912","name":"Будинок","address":"Івана Мазепи, 144","period":"1919—1944","color":"#ff9b00"}},{"type":"Feature","geometry":{"type":"Polygon","coordinates":[[[25.0598545,48.5256947],[25.0598493,48.5256016],[25.0598332,48.525602],[25.0598326,48.5255922],[25.0596463,48.5255967],[25.0596529,48.5257166],[25.0597343,48.5257146],[25.0597338,48.5257066],[25.0597796,48.5257055],[25.0597791,48.5256965],[25.0598545,48.5256947]]]},"properties":{"id":"48.52566,25.05974","name":"Будинок","address":"Івана Мазепи, 150","period":"1919—1944","color":"#ff9b00"}},{"type":"Feature","geometry":{"type":"Polygon","coordinates":[[[25.0636253,48.5256646],[25.063619,48.5255795],[25.0635799,48.5255808],[25.0635788,48.5255657],[25.0634746,48.525569],[25.0634828,48.525679],[25.0635695,48.5256762],[25.0635688,48.5256664],[25.0636253,48.5256646]]]},"properties":{"id":"48.52563,25.06355","name":"Будинок","address":"Івана Мазепи, 182","period":"1919—1944","color":"#ff9b00"}},{"type":"Feature","geometry":{"type":"Polygon","coordinates":[[[25.0626927,48.525915],[25.0627243,48.5259931],[25.0627438,48.5259896],[25.0627521,48.5260103],[25.0628363,48.5259954],[25.0628279,48.5259746],[25.0628725,48.5259667],[25.062841,48.5258887],[25.0626927,48.525915]]]},"properties":{"id":"48.52595,25.06279","name":"Будинок","address":"Івана Мазепи, 193","period":"1919—1944","color":"#ff9b00"}},{"type":"Feature","geometry":{"type":"Polygon","coordinates":[[[25.0637391,48.525868],[25.063738,48.5258537],[25.0636715,48.5258559],[25.0636725,48.5258692],[25.0635998,48.5258716],[25.0636105,48.5260155],[25.0637106,48.5260122],[25.0637063,48.5259543],[25.0638113,48.5259509],[25.063805,48.5258658],[25.0637391,48.525868]]]},"properties":{"id":"48.52591,25.06371","name":"Будинок","address":"Івана Мазепи, 199","period":"1919—1944","color":"#ff9b00"}},{"type":"Feature","geometry":{"type":"Polygon","coordinates":[[[25.0404263,48.5240137],[25.0404957,48.52417],[25.040222,48.5242233],[25.0401526,48.524067],[25.0404263,48.5240137]]]},"properties":{"id":"48.52411,25.04032","name":"Римо-католицький парафіяльний костьол Успіння Найсвятішої Діви Марії","address":"Івана Мазепи, 2","period":"1772—1865","color":"darkred"}},{"type":"Feature","geometry":{"type":"Polygon","coordinates":[[[25.0678273,48.5258911],[25.0678277,48.5259027],[25.067936,48.5259009],[25.0679324,48.5258033],[25.0677688,48.525806],[25.067772,48.525892],[25.0678273,48.5258911]]]},"properties":{"id":"48.52586,25.06786","name":"Будинок","address":"Івана Мазепи, 223","period":null,"color":"gold"}},{"type":"Feature","geometry":{"type":"Polygon","coordinates":[[[25.0683372,48.5258508],[25.0683278,48.525784],[25.0682514,48.5257854],[25.0682508,48.5257718],[25.0681806,48.5257731],[25.0681811,48.5257857],[25.0681071,48.5257871],[25.0681101,48.5258584],[25.0682577,48.5258556],[25.0682719,48.5259554],[25.0682785,48.5259549],[25.0683514,48.5259507],[25.0683499,48.5259392],[25.0683372,48.5258508]]]},"properties":{"id":"48.52581,25.06822","name":"Будинок","address":"Івана Мазепи, 225","period":null,"color":"gold"}},{"type":"Feature","geometry":{"type":"Polygon","coordinates":[[[25.0430075,48.5245651],[25.0430259,48.5246072],[25.0430854,48.5246006],[25.0430815,48.5245792],[25.0432739,48.5246218],[25.0432426,48.5246811],[25.0432952,48.5246769],[25.0433764,48.524527],[25.043007,48.5244409],[25.0429962,48.5244459],[25.0430075,48.5245651]]]},"properties":{"id":"48.52454,25.04318","name":"Кам'яниця","address":"Івана Мазепи, 23","period":"1866—1913","color":"#B22222"}},{"type":"Feature","geometry":{"type":"Polygon","coordinates":[[[25.0741284,48.5254737],[25.0741687,48.5254725],[25.074168,48.5254615],[25.0742294,48.5254598],[25.0742251,48.5253935],[25.0740589,48.5253982],[25.0740632,48.5254651],[25.0741277,48.5254633],[25.0741284,48.5254737]]]},"properties":{"id":"48.52543,25.07415","name":"Будинок","address":"Івана Мазепи, 236","period":"1919—1944","color":"#ff9b00"}},{"type":"Feature","geometry":{"type":"Polygon","coordinates":[[[25.0719212,48.5257282],[25.0719284,48.5258248],[25.0721469,48.5258177],[25.0721398,48.5257211],[25.0719212,48.5257282]]]},"properties":{"id":"48.52578,25.07204","name":"Будинок","address":"Івана Мазепи, 241","period":"1919—1944","color":"#ff9b00"}},{"type":"Feature","geometry":{"type":"Polygon","coordinates":[[[25.0745269,48.5258042],[25.0746946,48.5257922],[25.0746828,48.5257195],[25.0746199,48.525724],[25.0746178,48.5257116],[25.0745656,48.5257154],[25.0745676,48.5257279],[25.0745151,48.5257316],[25.0745269,48.5258042]]]},"properties":{"id":"48.52576,25.0746","name":"Будинок","address":"Івана Мазепи, 257","period":"1919—1944","color":"#ff9b00"}},{"type":"Feature","geometry":{"type":"Polygon","coordinates":[[[25.0757978,48.5256553],[25.0757988,48.5256696],[25.075734,48.5256717],[25.0757381,48.525727],[25.0757409,48.5257657],[25.0759185,48.52576],[25.0759149,48.5257116],[25.0759116,48.5256659],[25.0758519,48.5256678],[25.0758508,48.5256536],[25.0757978,48.5256553]]]},"properties":{"id":"48.52572,25.07582","name":"Будинок","address":"Івана Мазепи, 267","period":null,"color":"gold"}},{"type":"Feature","geometry":{"type":"Polygon","coordinates":[[[25.0780674,48.5255608],[25.0781075,48.525554],[25.0781014,48.5255382],[25.0782076,48.5255202],[25.0781808,48.5254504],[25.0781116,48.525462],[25.0781164,48.5254745],[25.0780392,48.5254876],[25.0780674,48.5255608]]]},"properties":{"id":"48.52549,25.07813","name":"Будинок","address":"Івана Мазепи, 285","period":null,"color":"gold"}},{"type":"Feature","geometry":{"type":"Polygon","coordinates":[[[25.0785295,48.5253653],[25.0784387,48.5253804],[25.0784791,48.5254872],[25.0786404,48.5254605],[25.0786053,48.5253675],[25.0785347,48.5253792],[25.0785295,48.5253653]]]},"properties":{"id":"48.52542,25.07853","name":"Будинок","address":"Івана Мазепи, 287","period":"1919—1944","color":"#ff9b00"}},{"type":"Feature","geometry":{"type":"Polygon","coordinates":[[[25.0846393,48.5237743],[25.0846659,48.5238537],[25.084522,48.5238749],[25.0844953,48.5237955],[25.0846393,48.5237743]]]},"properties":{"id":"48.52382,25.08458","name":"Будинок","address":"Івана Мазепи, 298а","period":null,"color":"gold"}},{"type":"Feature","geometry":{"type":"Polygon","coordinates":[[[25.080999,48.5249007],[25.080994,48.5248887],[25.0809259,48.524901],[25.0809306,48.5249122],[25.0808799,48.5249214],[25.0809273,48.5250362],[25.081011,48.525021],[25.0810003,48.5249952],[25.08109,48.524979],[25.0810536,48.5248908],[25.080999,48.5249007]]]},"properties":{"id":"48.52495,25.08098","name":"Будинок","address":"Івана Мазепи, 301","period":"1919—1944","color":"#ff9b00"}},{"type":"Feature","geometry":{"type":"Polygon","coordinates":[[[25.0430311,48.524291],[25.0430459,48.5242486],[25.043058,48.5242497],[25.0430818,48.5241821],[25.0430408,48.5241758],[25.0430445,48.5241653],[25.0429185,48.524146],[25.042875,48.5242709],[25.0429387,48.5242806],[25.0429399,48.5242771],[25.0430311,48.524291]]]},"properties":{"id":"48.52422,25.04297","name":"Кам'яниця","address":"Івана Мазепи, 34","period":"1866—1913","color":"#B22222"}},{"type":"Feature","geometry":{"type":"Polygon","coordinates":[[[25.0435231,48.5244013],[25.0435629,48.5242647],[25.0435139,48.5242592],[25.0434902,48.5242574],[25.0435076,48.5241598],[25.0435113,48.524137],[25.0434191,48.5241474],[25.0433842,48.524348],[25.0434054,48.5243737],[25.0435231,48.5244013]]]},"properties":{"id":"48.52433,25.04347","name":"Кам'яниця","address":"Івана Мазепи, 38","period":null,"color":"gold"}},{"type":"Feature","geometry":{"type":"Polygon","coordinates":[[[25.0410784,48.5241876],[25.0410724,48.5240374],[25.0410717,48.5240196],[25.0411159,48.5240188],[25.0411132,48.5239499],[25.0408307,48.5239548],[25.04084,48.5241917],[25.0410784,48.5241876]]]},"properties":{"id":"48.52414,25.04095","name":"Головна окружна школа","address":"Івана Мазепи, 4","period":"1772—1865","color":"darkred"}},{"type":"Feature","geometry":{"type":"Polygon","coordinates":[[[25.0435231,48.5244013],[25.0435629,48.5242647],[25.0437303,48.5242773],[25.0436823,48.5244419],[25.0435231,48.5244013]]]},"properties":{"id":"48.52434,25.04362","name":"Кам'яниця","address":"Івана Мазепи, 40","period":null,"color":"gold"}},{"type":"Feature","geometry":{"type":"Polygon","coordinates":[[[25.0438479,48.5244832],[25.0438872,48.5243362],[25.0439106,48.5242483],[25.0438727,48.5242458],[25.0438674,48.5242749],[25.0438285,48.5242722],[25.0438278,48.524284],[25.0437303,48.5242773],[25.0436823,48.5244419],[25.0438479,48.5244832]]]},"properties":{"id":"48.52439,25.04378","name":"Кам'яниця","address":"Івана Мазепи, 42","period":null,"color":"gold"}},{"type":"Feature","geometry":{"type":"Polygon","coordinates":[[[25.0445445,48.5247791],[25.0446856,48.5247884],[25.0446764,48.5249105],[25.0445114,48.5249028],[25.0445445,48.5247791]]]},"properties":{"id":"48.52485,25.0446","name":"Кам'яниця","address":"Івана Мазепи, 43","period":null,"color":"gold"}},{"type":"Feature","geometry":{"type":"Polygon","coordinates":[[[25.0438479,48.5244832],[25.0438872,48.5243362],[25.0440336,48.5243539],[25.0439907,48.5245123],[25.0438479,48.5244832]]]},"properties":{"id":"48.52442,25.04393","name":"Кам'яниця","address":"Івана Мазепи, 44","period":null,"color":"gold"}},{"type":"Feature","geometry":{"type":"Polygon","coordinates":[[[25.0444956,48.5244746],[25.0444568,48.5246238],[25.0443217,48.5245913],[25.0443599,48.5244573],[25.0444956,48.5244746]]]},"properties":{"id":"48.52454,25.04441","name":"Кам'яниця","address":"Івана Мазепи, 48","period":null,"color":"gold"}},{"type":"Feature","geometry":{"type":"Polygon","coordinates":[[[25.0444982,48.524469],[25.0446197,48.5244835],[25.0446168,48.5244965],[25.0445845,48.5246393],[25.0444568,48.5246238],[25.0444982,48.524469]]]},"properties":{"id":"48.52455,25.04454","name":"Кам'яниця","address":"Івана Мазепи, 50","period":null,"color":"gold"}},{"type":"Feature","geometry":{"type":"Polygon","coordinates":[[[25.0448981,48.5246423],[25.0447747,48.5246438],[25.0447811,48.5244994],[25.0448971,48.5245028],[25.0448981,48.5246423]]]},"properties":{"id":"48.52459,25.04484","name":"Кам'яниця","address":"Івана Мазепи, 54","period":null,"color":"gold"}},{"type":"Feature","geometry":{"type":"Polygon","coordinates":[[[25.0459675,48.5249677],[25.0459943,48.5248131],[25.045834,48.5248014],[25.045812,48.5249375],[25.0458763,48.524941],[25.0458763,48.5249606],[25.0459675,48.5249677]]]},"properties":{"id":"48.52487,25.04589","name":"Ткальня Г. Ґольдштейна","address":"Івана Мазепи, 57","period":null,"color":"gold"}},{"type":"Feature","geometry":{"type":"Polygon","coordinates":[[[25.0458305,48.5248016],[25.0458088,48.5249369],[25.0456657,48.5249356],[25.0456699,48.524799],[25.0458305,48.5248016]]]},"properties":{"id":"48.52487,25.04574","name":"Ткальня Г. Ґольдштейна","address":"Івана Мазепи, 57а","period":null,"color":"gold"}},{"type":"Feature","geometry":{"type":"Polygon","coordinates":[[[25.0355454,48.5259859],[25.0354508,48.526003],[25.0354901,48.5260952],[25.0356835,48.5260581],[25.0356543,48.5259927],[25.0355863,48.5260049],[25.0355925,48.5260226],[25.035563,48.5260278],[25.0355454,48.5259859]]]},"properties":{"id":"48.52604,25.03552","name":"Кам'яниця","address":"Івана Мухи, 2","period":"1866—1913","color":"#B22222"}},{"type":"Feature","geometry":{"type":"Polygon","coordinates":[[[25.0356835,48.5260581],[25.0356543,48.5259927],[25.0356408,48.5259567],[25.0356829,48.5259475],[25.0357176,48.5259403],[25.035707,48.5259267],[25.0357412,48.5259138],[25.035785,48.5258982],[25.035894,48.5260146],[25.0356835,48.5260581]]]},"properties":{"id":"48.52599,25.03576","name":"Кам'яниця","address":"Івана Мухи, 4","period":"1866—1913","color":"#B22222"}},{"type":"Feature","geometry":{"type":"Polygon","coordinates":[[[25.0374961,48.5360517],[25.0374599,48.5359654],[25.0376055,48.5359386],[25.0376417,48.5360249],[25.0374961,48.5360517]]]},"properties":{"id":"48.536,25.03755","name":"Вілла","address":"Івана Новодворського, 6","period":"1919—1944","color":"#ff9b00"}},{"type":"Feature","geometry":{"type":"Polygon","coordinates":[[[25.0331597,48.5209508],[25.0330231,48.5209676],[25.032975,48.5207959],[25.0331116,48.5207791],[25.0331597,48.5209508]]]},"properties":{"id":"48.52087,25.03307","name":"Будинок","address":"Івана Озаркевича, 10","period":null,"color":"gold"}},{"type":"Feature","geometry":{"type":"Polygon","coordinates":[[[25.0328149,48.5202603],[25.03292,48.520247],[25.0329055,48.5201928],[25.0328698,48.5201978],[25.0328662,48.5201829],[25.0328296,48.5201868],[25.0328327,48.5202031],[25.0327983,48.5202063],[25.0328149,48.5202603]]]},"properties":{"id":"48.52022,25.03286","name":"Будинок","address":"Івана Озаркевича, 16","period":null,"color":"gold"}},{"type":"Feature","geometry":{"type":"Polygon","coordinates":[[[25.0354273,48.531597],[25.0355622,48.5315514],[25.0355326,48.5315131],[25.0356535,48.5314722],[25.0356285,48.5314398],[25.0354946,48.5314851],[25.0355033,48.5314964],[25.0353986,48.5315318],[25.0353878,48.5315178],[25.0353001,48.5315475],[25.0353252,48.53158],[25.0353957,48.5315561],[25.0354273,48.531597]]]},"properties":{"id":"48.53154,25.03546","name":"Каплиця при Закладі С. С. Уршулянок","address":"Івана Франка","period":"1866—1913","color":"#B22222"}},{"type":"Feature","geometry":{"type":"Polygon","coordinates":[[[25.0282075,48.538767],[25.0282663,48.5387244],[25.0282409,48.5387091],[25.0282825,48.538679],[25.0282704,48.5386717],[25.0283199,48.5386358],[25.0282056,48.5385667],[25.0281561,48.5386026],[25.0281398,48.5385931],[25.028124,48.5385912],[25.0281092,48.5385946],[25.0280977,48.5386038],[25.028097,48.5386122],[25.0281003,48.5386209],[25.0281168,48.538631],[25.0280558,48.5386753],[25.0282075,48.538767]]]},"properties":{"id":"48.53867,25.0282","name":"Садиба п. Мілевської","address":"Івана Франка, 104","period":null,"color":"gold"}},{"type":"Feature","geometry":{"type":"Polygon","coordinates":[[[25.0273554,48.5392727],[25.0274574,48.5391945],[25.0273632,48.5391406],[25.0273254,48.5391696],[25.0273152,48.5391638],[25.0272903,48.5391829],[25.0273028,48.5391901],[25.0272636,48.5392202],[25.0273554,48.5392727]]]},"properties":{"id":"48.5392,25.02735","name":"Будинок","address":"Івана Франка, 112","period":null,"color":"gold"}},{"type":"Feature","geometry":{"type":"Polygon","coordinates":[[[25.0271564,48.5394357],[25.0272657,48.5393395],[25.0271733,48.5392935],[25.0271326,48.5393293],[25.0271144,48.5393202],[25.0270859,48.5393453],[25.0271041,48.5393544],[25.027064,48.5393897],[25.0271564,48.5394357]]]},"properties":{"id":"48.53936,25.02716","name":"Будинок","address":"Івана Франка, 114","period":null,"color":"gold"}},{"type":"Feature","geometry":{"type":"Polygon","coordinates":[[[25.0385904,48.5312884],[25.0387649,48.5312404],[25.0386894,48.5311162],[25.0387605,48.5310973],[25.0387631,48.531092],[25.0386719,48.5309481],[25.0384305,48.5310191],[25.0385904,48.5312884]]]},"properties":{"id":"48.53109,25.03859","name":"Кам'яниця","address":"Івана Франка, 12","period":null,"color":"gold"}},{"type":"Feature","geometry":{"type":"Polygon","coordinates":[[[25.0385383,48.5315369],[25.038184,48.5316315],[25.0381294,48.5315418],[25.0382975,48.531497],[25.0382072,48.5313485],[25.0380366,48.531394],[25.0379868,48.5313122],[25.0383811,48.5312069],[25.0382924,48.5310611],[25.0377337,48.5312102],[25.0379418,48.5315521],[25.0379659,48.5315457],[25.0381293,48.5318141],[25.0386263,48.5316814],[25.0385383,48.5315369]]]},"properties":{"id":"48.53146,25.03808","name":"Окружний суд","address":"Івана Франка, 14","period":"1772—1865","color":"darkred"}},{"type":"Feature","geometry":{"type":"Polygon","coordinates":[[[25.0373303,48.5309903],[25.0372912,48.5310001],[25.0372807,48.5309817],[25.0371446,48.5310158],[25.0371284,48.5309875],[25.037051,48.5310069],[25.0371452,48.5311716],[25.0372214,48.5311525],[25.0372137,48.5311392],[25.0373178,48.5311131],[25.0373235,48.5311231],[25.0373959,48.5311049],[25.0373303,48.5309903]]]},"properties":{"id":"48.53106,25.03723","name":"Банк \"Покутський Союз\"","address":"Івана Франка, 15","period":"1919—1944","color":"#ff9b00"}},{"type":"Feature","geometry":{"type":"Polygon","coordinates":[[[25.0372879,48.5318742],[25.0373508,48.5318564],[25.0373558,48.5318636],[25.0374318,48.5318432],[25.0372363,48.5315253],[25.0371929,48.5315368],[25.037183,48.531529],[25.0371699,48.5315236],[25.0371575,48.5315235],[25.0371464,48.5315243],[25.0371238,48.5314904],[25.0370472,48.5315113],[25.0370675,48.5315447],[25.037057,48.5315508],[25.0370492,48.5315591],[25.0370475,48.5315677],[25.0370473,48.5315769],[25.0369911,48.5315916],[25.0371645,48.5318714],[25.0372272,48.5318537],[25.0372879,48.5318742]]]},"properties":{"id":"48.53169,25.03719","name":"Римо-католицький костьол отців єзуїтів","address":"Івана Франка, 18б","period":"1866—1913","color":"#B22222"}},{"type":"Feature","geometry":{"type":"Polygon","coordinates":[[[25.0356199,48.5316165],[25.0362727,48.5313893],[25.0360362,48.5310913],[25.0357876,48.5311779],[25.0359584,48.5313931],[25.0358931,48.5314158],[25.0358607,48.5313751],[25.0358852,48.5313666],[25.0358618,48.5313371],[25.0357535,48.5313748],[25.0358106,48.5314467],[25.035678,48.5314929],[25.035661,48.5314715],[25.0355386,48.5315141],[25.0356199,48.5316165]]]},"properties":{"id":"48.53136,25.03607","name":"Заклад С. С. Уршулянок","address":"Івана Франка, 19","period":"1866—1913","color":"#B22222"}},{"type":"Feature","geometry":{"type":"Polygon","coordinates":[[[25.0348858,48.5319598],[25.0349494,48.5319337],[25.0349548,48.5319385],[25.0350212,48.5319115],[25.0350171,48.531905],[25.0350354,48.5318994],[25.0349463,48.5317406],[25.0348119,48.5317727],[25.0348173,48.5317833],[25.0347904,48.5317891],[25.0348176,48.5318428],[25.0348106,48.5318444],[25.0348334,48.5318906],[25.0348223,48.5318933],[25.0348403,48.531925],[25.0348532,48.5319218],[25.0348858,48.5319598]]]},"properties":{"id":"48.53185,25.03491","name":"Будинок Юзефа та Юзефи Хані","address":"Івана Франка, 21","period":null,"color":"gold"}},{"type":"Feature","geometry":{"type":"Polygon","coordinates":[[[25.0212912,48.5664315],[25.0214012,48.5664155],[25.0213958,48.5663924],[25.021546,48.5663729],[25.0215407,48.566348],[25.0215621,48.5663463],[25.0215702,48.5663409],[25.0215675,48.566325],[25.0215594,48.5663214],[25.0215353,48.5663232],[25.0215273,48.5662983],[25.0213824,48.5663196],[25.0213717,48.5663196],[25.0213663,48.5663001],[25.0212537,48.5663161],[25.0212912,48.5664315]]]},"properties":{"id":"48.56635,25.0214","name":"Римо-католицький костьол Яна Непомука (Флеберг)","address":"Івана Франка, 213","period":"1866—1913","color":"#B22222"}},{"type":"Feature","geometry":{"type":"Polygon","coordinates":[[[25.035517,48.532128],[25.0355498,48.5321191],[25.0355565,48.5321293],[25.0356159,48.5321138],[25.035621,48.5321231],[25.0356738,48.5321092],[25.035594,48.531974],[25.0355494,48.5319855],[25.0355415,48.531975],[25.0355364,48.5319729],[25.0355312,48.5319721],[25.0355237,48.5319722],[25.0355188,48.5319732],[25.0355133,48.5319748],[25.0355083,48.5319774],[25.0355044,48.5319803],[25.0355014,48.5319849],[25.0355006,48.5319891],[25.0355042,48.5319989],[25.0354493,48.5320133],[25.035517,48.532128]]]},"properties":{"id":"48.53204,25.03555","name":"Вілла","address":"Івана Франка, 28","period":null,"color":"gold"}},{"type":"Feature","geometry":{"type":"Polygon","coordinates":[[[25.039649,48.5304615],[25.040056,48.5303122],[25.040056,48.5303015],[25.0400372,48.5302767],[25.0399299,48.530147],[25.0397985,48.5301914],[25.0398519,48.5302606],[25.0398051,48.5302768],[25.039769,48.5302323],[25.039714,48.5302508],[25.039765,48.5303188],[25.0397061,48.5303365],[25.0396657,48.530279],[25.0395744,48.5303084],[25.039649,48.5304615]]]},"properties":{"id":"48.53031,25.03986","name":"Будівля Австро-Угорського банку","address":"Івана Франка, 3","period":null,"color":"gold"}},{"type":"Feature","geometry":{"type":"Polygon","coordinates":[[[25.0328462,48.5336925],[25.0328703,48.5336574],[25.0328918,48.5336636],[25.0329152,48.5336281],[25.0329404,48.5336208],[25.0329508,48.5336043],[25.0329468,48.5335859],[25.0329722,48.5335484],[25.0329568,48.5335433],[25.0329877,48.5334998],[25.0329233,48.5334798],[25.0328901,48.5335202],[25.0327962,48.5334873],[25.0327513,48.5335484],[25.0327587,48.533551],[25.0327171,48.5336052],[25.0326792,48.533593],[25.0326484,48.5336347],[25.0327087,48.5336532],[25.0327027,48.5336629],[25.0327711,48.5336827],[25.0327781,48.5336729],[25.0328462,48.5336925]]]},"properties":{"id":"48.53358,25.03284","name":"Вілла","address":"Івана Франка, 31","period":null,"color":"gold"}},{"type":"Feature","geometry":{"type":"Polygon","coordinates":[[[25.0326646,48.5339116],[25.0327247,48.5338648],[25.032737,48.5338717],[25.0327836,48.5338355],[25.0327663,48.5338257],[25.0328124,48.5337899],[25.0327148,48.5337349],[25.0326779,48.5337636],[25.0326603,48.5337537],[25.0326096,48.5337932],[25.0326,48.5337877],[25.0325348,48.5338384],[25.0326646,48.5339116]]]},"properties":{"id":"48.53383,25.03267","name":"Будинок","address":"Івана Франка, 33","period":null,"color":"gold"}},{"type":"Feature","geometry":{"type":"Polygon","coordinates":[[[25.0341282,48.5325014],[25.0340481,48.5325248],[25.0341245,48.5326399],[25.0342873,48.5325925],[25.0342971,48.5326072],[25.0343835,48.5325821],[25.0342978,48.532453],[25.0342201,48.5324757],[25.034207,48.5324561],[25.0341158,48.5324826],[25.0341282,48.5325014]]]},"properties":{"id":"48.53254,25.0342","name":"Садиба","address":"Івана Франка, 38","period":null,"color":"gold"}},{"type":"Feature","geometry":{"type":"Polygon","coordinates":[[[25.0405878,48.5302678],[25.0405453,48.5302592],[25.0402553,48.5303629],[25.0403301,48.5304609],[25.0404713,48.5304109],[25.0405124,48.5304166],[25.040576,48.5305056],[25.040715,48.5304628],[25.0405878,48.5302678]]]},"properties":{"id":"48.53034,25.04052","name":"Кам'яниця","address":"Івана Франка, 4","period":"1866—1913","color":"#B22222"}},{"type":"Feature","geometry":{"type":"Polygon","coordinates":[[[25.0340122,48.5327653],[25.0339399,48.5327937],[25.0339283,48.5327808],[25.0337597,48.5328471],[25.0337851,48.5328754],[25.0337644,48.5328835],[25.0337929,48.5329152],[25.0338129,48.5329074],[25.0339101,48.5330158],[25.0339854,48.5329862],[25.0339571,48.5329546],[25.0339963,48.5329392],[25.0339747,48.5329152],[25.0341018,48.5328652],[25.0340122,48.5327653]]]},"properties":{"id":"48.53286,25.03392","name":"Вілла Яна Клєського (бурмістра Коломиї)","address":"Івана Франка, 40","period":"1866—1913","color":"#B22222"}},{"type":"Feature","geometry":{"type":"Polygon","coordinates":[[[25.0395075,48.5305116],[25.039649,48.5304615],[25.0395919,48.5303531],[25.0394997,48.5303777],[25.039491,48.5303642],[25.0394337,48.5303797],[25.0395075,48.5305116]]]},"properties":{"id":"48.53043,25.03954","name":"Кам'яниця","address":"Івана Франка, 5","period":"1919—1944","color":"#ff9b00"}},{"type":"Feature","geometry":{"type":"Polygon","coordinates":[[[25.0399353,48.5307357],[25.0398413,48.5306213],[25.0399541,48.5305807],[25.0400481,48.530695],[25.0399353,48.5307357]]]},"properties":{"id":"48.53065,25.03994","name":"Садиба графа Едмунда Стаженського (гербу Ліс)","address":"Івана Франка, 6","period":"1772—1865","color":"darkred"}},{"type":"Feature","geometry":{"type":"Polygon","coordinates":[[[25.0386923,48.530803],[25.0389178,48.5307234],[25.0388426,48.5306256],[25.0388228,48.5306008],[25.0387336,48.5306301],[25.0387058,48.530582],[25.0385478,48.5306275],[25.0386641,48.5307969],[25.0386923,48.530803]]]},"properties":{"id":"48.53069,25.03873","name":"Кам'яниця","address":"Івана Франка, 7","period":null,"color":"gold"}},{"type":"Feature","geometry":{"type":"Polygon","coordinates":[[[25.028491,48.5380511],[25.0285306,48.5380213],[25.0285455,48.53803],[25.0285745,48.5380083],[25.028561,48.5380004],[25.0286026,48.5379693],[25.0284953,48.5379065],[25.0284342,48.5379522],[25.0283519,48.5379041],[25.0283027,48.537941],[25.028491,48.5380511]]]},"properties":{"id":"48.53798,25.0285","name":"Будинок","address":"Івана Франка, 75","period":null,"color":"gold"}},{"type":"Feature","geometry":{"type":"Polygon","coordinates":[[[25.0268748,48.5389414],[25.0269392,48.5389789],[25.0269122,48.5389992],[25.0270048,48.5390531],[25.0271453,48.5389473],[25.0269883,48.5388559],[25.0268748,48.5389414]]]},"properties":{"id":"48.53895,25.02699","name":"Бурса польська","address":"Івана Франка, 83","period":null,"color":"gold"}},{"type":"Feature","geometry":{"type":"Polygon","coordinates":[[[25.0268625,48.5392444],[25.0268815,48.5392283],[25.0269129,48.5392444],[25.0270162,48.5391563],[25.0269054,48.5390994],[25.0268028,48.5391868],[25.0268344,48.539203],[25.0268147,48.5392198],[25.0268625,48.5392444]]]},"properties":{"id":"48.53917,25.02691","name":"Захоронка","address":"Івана Франка, 85","period":null,"color":"gold"}},{"type":"Feature","geometry":{"type":"Polygon","coordinates":[[[25.0382994,48.5305738],[25.038141,48.5306233],[25.0382199,48.5307372],[25.0382598,48.5307935],[25.0381715,48.5308196],[25.0379735,48.5308729],[25.0380402,48.5309786],[25.0384812,48.5308566],[25.0384875,48.5308464],[25.0382994,48.5305738]]]},"properties":{"id":"48.53087,25.03825","name":"Кам'яниця","address":"Івана Франка, 9","period":null,"color":"gold"}},{"type":"Feature","geometry":{"type":"Polygon","coordinates":[[[25.029999,48.5378197],[25.0300889,48.537759],[25.0299978,48.5376999],[25.030105,48.5376274],[25.0299922,48.5375543],[25.0298267,48.5376661],[25.0299842,48.5377683],[25.0299527,48.5377896],[25.029999,48.5378197]]]},"properties":{"id":"48.53764,25.02996","name":"Будинок Фелікса Тадеуша Мілевського (гербу Ястжембець/Jastrzębiec) та його сім'ї","address":"Івана Франка, 90","period":null,"color":"gold"}},{"type":"Feature","geometry":{"type":"Polygon","coordinates":[[[25.0376542,48.5324473],[25.0376215,48.5323831],[25.0378942,48.5323223],[25.0378372,48.5322101],[25.0374639,48.5322933],[25.0375535,48.5324698],[25.0376542,48.5324473]]]},"properties":{"id":"48.53231,25.03767","name":"Резиденція отців-єзуїтів","address":"Івана Франка,18а","period":"1866—1913","color":"#B22222"}},{"type":"Feature","geometry":{"type":"Polygon","coordinates":[[[25.0523473,48.5443892],[25.0524615,48.5443426],[25.0523923,48.5442683],[25.0523364,48.5442912],[25.052269,48.5442188],[25.0523007,48.5442059],[25.0522551,48.5441569],[25.0522296,48.5441673],[25.0522441,48.5441829],[25.0521533,48.54422],[25.0522638,48.5443384],[25.05229,48.5443277],[25.0523473,48.5443892]]]},"properties":{"id":"48.54432,25.05237","name":"Будинок","address":"Івана Шарлая (Сергія Ніньовського), 16","period":null,"color":"gold"}},{"type":"Feature","geometry":{"type":"Polygon","coordinates":[[[25.0378324,48.5293051],[25.0380041,48.5292926],[25.0380066,48.5292885],[25.0380086,48.5292835],[25.0380094,48.5292784],[25.0380014,48.5292376],[25.0382098,48.5292269],[25.0381523,48.5291213],[25.0378297,48.5291399],[25.0378163,48.5291452],[25.0378136,48.5291647],[25.0378324,48.5293051]]]},"properties":{"id":"48.52918,25.03799","name":"Кам'яниця","address":"Йосафата Кобринського, 10","period":"1914—1918","color":"#FF4500"}},{"type":"Feature","geometry":{"type":"Polygon","coordinates":[[[25.0383152,48.5292749],[25.0383957,48.5292731],[25.038393,48.5292358],[25.0384027,48.5292353],[25.0384096,48.5292324],[25.0384156,48.5292283],[25.0384262,48.5292189],[25.0384323,48.5292166],[25.0384445,48.5292164],[25.038452,48.5292145],[25.0384091,48.5291061],[25.0383206,48.5291115],[25.0383206,48.5291026],[25.0382682,48.5291042],[25.0382696,48.529115],[25.0381543,48.5291208],[25.0382202,48.5292398],[25.0383125,48.5292358],[25.0383152,48.5292749]]]},"properties":{"id":"48.52916,25.03831","name":"Кам'яниця","address":"Йосафата Кобринського, 8","period":"1866—1913","color":"#B22222"}},{"type":"Feature","geometry":{"type":"Polygon","coordinates":[[[25.0534909,48.5240055],[25.0535739,48.5239962],[25.0535648,48.5239607],[25.0536948,48.523946],[25.0537034,48.5239795],[25.0537246,48.5239771],[25.0537344,48.5240152],[25.0537116,48.5240178],[25.0537212,48.5240549],[25.0535917,48.5240695],[25.0535836,48.524038],[25.0535016,48.5240473],[25.0534909,48.5240055]]]},"properties":{"id":"48.52402,25.05364","name":"Будинок","address":"Йосипа Гірняка, 12","period":null,"color":"gold"}},{"type":"Feature","geometry":{"type":"Polygon","coordinates":[[[25.0535166,48.5225917],[25.0535148,48.5225699],[25.0535027,48.5225704],[25.0534991,48.5225276],[25.0534004,48.5225312],[25.0534083,48.5226269],[25.0535071,48.5226233],[25.0535045,48.5225921],[25.0535166,48.5225917]]]},"properties":{"id":"48.52258,25.05346","name":"Будинок","address":"Йосипа Гірняка, 24","period":null,"color":"gold"}},{"type":"Feature","geometry":{"type":"Polygon","coordinates":[[[25.0112155,48.5347862],[25.0112502,48.5347631],[25.0112913,48.5347366],[25.01133,48.5347116],[25.0112398,48.5346503],[25.0111996,48.5346728],[25.011177,48.5346864],[25.0111694,48.5346816],[25.0111313,48.5347065],[25.0111423,48.5347136],[25.0111246,48.5347253],[25.0112155,48.5347862]]]},"properties":{"id":"48.53471,25.01123","name":"Будинок","address":"Карпатська, 100","period":"1919—1944","color":"#ff9b00"}},{"type":"Feature","geometry":{"type":"Polygon","coordinates":[[[25.0111537,48.5348609],[25.0111433,48.5348363],[25.0110639,48.5347801],[25.0109528,48.5348489],[25.011034,48.5349064],[25.0110751,48.5348809],[25.0110967,48.5348962],[25.0111537,48.5348609]]]},"properties":{"id":"48.53484,25.01106","name":"Будинок","address":"Карпатська, 102","period":"1919—1944","color":"#ff9b00"}},{"type":"Feature","geometry":{"type":"Polygon","coordinates":[[[25.0207933,48.5288526],[25.0208466,48.5288169],[25.0208179,48.5287981],[25.0208958,48.5287461],[25.020784,48.5286728],[25.0207508,48.528695],[25.0207647,48.5287041],[25.0206931,48.528752],[25.020769,48.5288018],[25.0207427,48.5288194],[25.0207933,48.5288526]]]},"properties":{"id":"48.52875,25.0208","name":"Будинок","address":"Карпатська, 12","period":"1866—1913","color":"#B22222"}},{"type":"Feature","geometry":{"type":"Polygon","coordinates":[[[25.0207058,48.5290173],[25.0206166,48.5290764],[25.0205181,48.5290111],[25.0206073,48.528952],[25.0207058,48.5290173]]]},"properties":{"id":"48.52902,25.02062","name":"Будинок","address":"Карпатська, 14","period":"1866—1913","color":"#B22222"}},{"type":"Feature","geometry":{"type":"Polygon","coordinates":[[[25.0202057,48.5292138],[25.0203287,48.5291345],[25.0201647,48.529023],[25.020122,48.5290505],[25.0201047,48.5290387],[25.02007,48.5290611],[25.0200884,48.5290736],[25.0200428,48.529103],[25.0202057,48.5292138]]]},"properties":{"id":"48.52912,25.02018","name":"Вілла","address":"Карпатська, 16","period":"1866—1913","color":"#B22222"}},{"type":"Feature","geometry":{"type":"Polygon","coordinates":[[[24.9963377,48.5442495],[24.9962629,48.5441934],[24.9963547,48.5441398],[24.9964295,48.5441959],[24.9963377,48.5442495]]]},"properties":{"id":"48.54419,24.99635","name":"Садиба","address":"Карпатська, 180","period":"1919—1944","color":"#ff9b00"}},{"type":"Feature","geometry":{"type":"Polygon","coordinates":[[[25.0231592,48.5274674],[25.0232715,48.5274796],[25.0232832,48.5274323],[25.0233396,48.5274384],[25.0233563,48.5273709],[25.0232999,48.5273648],[25.0233115,48.5273181],[25.0232039,48.5273064],[25.023192,48.5273543],[25.0231262,48.5273472],[25.0231104,48.527411],[25.0231715,48.5274176],[25.0231592,48.5274674]]]},"properties":{"id":"48.52739,25.02323","name":"Церква Благовіщення Пречистої Діви Марії (Монастирок)","address":"Карпатська, 2","period":"1405—1771","color":"#640000"}},{"type":"Feature","geometry":{"type":"Polygon","coordinates":[[[25.021192,48.5281012],[25.0212992,48.5280354],[25.0212,48.5279626],[25.0211169,48.5280123],[25.0211598,48.5280443],[25.0211356,48.5280621],[25.021192,48.5281012]]]},"properties":{"id":"48.52803,25.02121","name":"Вілла","address":"Карпатська, 23а","period":"1919—1944","color":"#ff9b00"}},{"type":"Feature","geometry":{"type":"Polygon","coordinates":[[[25.0201981,48.5287223],[25.0203494,48.5286221],[25.0202413,48.5285505],[25.020153,48.528609],[25.0201292,48.5285932],[25.0200728,48.5286305],[25.0200976,48.528647],[25.0200909,48.5286514],[25.0201981,48.5287223]]]},"properties":{"id":"48.52864,25.02021","name":"Кам'яниця","address":"Карпатська, 35","period":null,"color":"gold"}},{"type":"Feature","geometry":{"type":"Polygon","coordinates":[[[25.0198238,48.5289688],[25.0198705,48.5289286],[25.0198866,48.5289368],[25.0199174,48.5289103],[25.0198991,48.5289009],[25.0199362,48.5288688],[25.0198228,48.5288136],[25.0197126,48.5289122],[25.0198238,48.5289688]]]},"properties":{"id":"48.5289,25.01983","name":"Будинок","address":"Карпатська, 39","period":"1919—1944","color":"#ff9b00"}},{"type":"Feature","geometry":{"type":"Polygon","coordinates":[[[25.0147869,48.5325565],[25.0150368,48.5327506],[25.0152038,48.5326564],[25.014954,48.5324622],[25.0147869,48.5325565]]]},"properties":{"id":"48.5326,25.015","name":"Школа ім. Св. Володимира (4-класна, мішана)","address":"Карпатська, 68","period":"1866—1913","color":"#B22222"}},{"type":"Feature","geometry":{"type":"Polygon","coordinates":[[[25.0164814,48.5308006],[25.0163868,48.5308633],[25.0162829,48.5307945],[25.0163775,48.5307318],[25.0164814,48.5308006]]]},"properties":{"id":"48.5308,25.01638","name":"Будинок","address":"Карпатська, 71б","period":null,"color":"gold"}},{"type":"Feature","geometry":{"type":"Polygon","coordinates":[[[25.0115249,48.5345502],[25.0114692,48.5344933],[25.0115686,48.5344505],[25.0116244,48.5345074],[25.0115249,48.5345502]]]},"properties":{"id":"48.5345,25.01155","name":"Будинок","address":"Карпатська, 96","period":null,"color":"gold"}},{"type":"Feature","geometry":{"type":"Polygon","coordinates":[[[25.0638174,48.5393314],[25.0638827,48.5392501],[25.0646962,48.5395365],[25.0646309,48.5396179],[25.0638174,48.5393314]]]},"properties":{"id":"48.53944,25.0643","name":"Косачівські касарні","address":"Косачівська","period":"1866—1913","color":"#B22222"}},{"type":"Feature","geometry":{"type":"Polygon","coordinates":[[[25.0660727,48.5391545],[25.065921,48.5391025],[25.0659785,48.5390289],[25.0661302,48.539081],[25.0660727,48.5391545]]]},"properties":{"id":"48.53908,25.06602","name":"Філія школи ім. Костюшка","address":"Косачівська","period":null,"color":"gold"}},{"type":"Feature","geometry":{"type":"Polygon","coordinates":[[[25.0582227,48.5361978],[25.0581461,48.5362902],[25.0580109,48.5362411],[25.0580875,48.5361487],[25.0582227,48.5361978]]]},"properties":{"id":"48.53622,25.05812","name":"Будинок","address":"Косачівська, 1","period":"1866—1913","color":"#B22222"}},{"type":"Feature","geometry":{"type":"Polygon","coordinates":[[[25.0354262,48.5245924],[25.0354609,48.5245863],[25.035483,48.5246607],[25.0356262,48.5246414],[25.0355851,48.5245082],[25.0354598,48.5245252],[25.035443,48.5244828],[25.035378,48.5244947],[25.0354262,48.5245924]]]},"properties":{"id":"48.5246,25.03554","name":"Будинок","address":"Кринична, 18","period":null,"color":"gold"}},{"type":"Feature","geometry":{"type":"Polygon","coordinates":[[[25.0226824,48.524444],[25.0227143,48.5245047],[25.0228382,48.5244761],[25.0227775,48.5243603],[25.0226268,48.524395],[25.0226557,48.5244501],[25.0226824,48.524444]]]},"properties":{"id":"48.52443,25.02275","name":"Будинок","address":"Левка Семиренка, 4","period":null,"color":"gold"}},{"type":"Feature","geometry":{"type":"Polygon","coordinates":[[[25.0373689,48.5250181],[25.037553,48.5249812],[25.0375511,48.5249777],[25.0374641,48.5248125],[25.0374078,48.5248235],[25.0372816,48.5248485],[25.0373689,48.5250181]]]},"properties":{"id":"48.52491,25.03741","name":"Кам'яниця","address":"Леопольда Вайгеля, 1","period":"1866—1913","color":"#B22222"}},{"type":"Feature","geometry":{"type":"Polygon","coordinates":[[[25.055013,48.5231346],[25.0551328,48.5231216],[25.055123,48.5230822],[25.0551495,48.5230793],[25.055143,48.5230529],[25.0551165,48.5230558],[25.0551146,48.5230481],[25.0549948,48.5230612],[25.0549984,48.5230754],[25.055013,48.5231346]]]},"properties":{"id":"48.52309,25.05507","name":"Каплиця при міському шпиталі (Вінцентівка)","address":"Липова","period":"1866—1913","color":"#B22222"}},{"type":"Feature","geometry":{"type":"Polygon","coordinates":[[[25.0336805,48.5231129],[25.0337593,48.5230764],[25.0336418,48.5229654],[25.0335631,48.5230019],[25.0336069,48.5230433],[25.0336761,48.5231087],[25.0336805,48.5231129]]]},"properties":{"id":"48.52306,25.03368","name":"Будинок","address":"Максима Залізняка, 5","period":"1866—1913","color":"#B22222"}},{"type":"Feature","geometry":{"type":"Polygon","coordinates":[[[25.0303184,48.5225327],[25.0304107,48.5225103],[25.0303886,48.5224702],[25.0304085,48.5224654],[25.0303961,48.5224429],[25.0303753,48.522448],[25.0303512,48.5224044],[25.0302597,48.5224266],[25.0303184,48.5225327]]]},"properties":{"id":"48.52248,25.03034","name":"Будинок","address":"Миколи Верещинського, 18","period":null,"color":"gold"}},{"type":"Feature","geometry":{"type":"Polygon","coordinates":[[[25.0293002,48.5226415],[25.0293758,48.5227159],[25.0292464,48.5227736],[25.0291708,48.5226991],[25.0293002,48.5226415]]]},"properties":{"id":"48.52271,25.02927","name":"Будинок","address":"Миколи Верещинського, 2","period":"1866—1913","color":"#B22222"}},{"type":"Feature","geometry":{"type":"Polygon","coordinates":[[[25.0363143,48.5223403],[25.0365181,48.5222852],[25.0364993,48.5222568],[25.0364993,48.5222497],[25.0365208,48.5222444],[25.036502,48.5222106],[25.0365449,48.5222017],[25.0365717,48.5222479],[25.0366308,48.5222337],[25.0365396,48.522088],[25.0363438,48.5221431],[25.036333,48.5221378],[25.0362821,48.522152],[25.036274,48.5221555],[25.036274,48.5221644],[25.0360782,48.5222195],[25.0361453,48.5223225],[25.0362821,48.522287],[25.0363143,48.5223403]]]},"properties":{"id":"48.52221,25.03631","name":"Гончарна школа","address":"Миколи Верещинського, 59","period":"1866—1913","color":"#B22222"}},{"type":"Feature","geometry":{"type":"Polygon","coordinates":[[[25.0380904,48.5218428],[25.0381678,48.5218357],[25.0381778,48.5218834],[25.0383305,48.5218694],[25.0383097,48.52177],[25.0381543,48.5217843],[25.0381567,48.5217958],[25.038082,48.5218027],[25.0380904,48.5218428]]]},"properties":{"id":"48.52184,25.03825","name":"Будинок","address":"Миколи Верещинського, 69","period":null,"color":"gold"}},{"type":"Feature","geometry":{"type":"Polygon","coordinates":[[[25.0305609,48.5227361],[25.0306789,48.5227224],[25.030746,48.5229748],[25.030628,48.5229886],[25.0305609,48.5227361]]]},"properties":{"id":"48.52286,25.03065","name":"Костьол українсько — євангелицький","address":"Миколи Верещинського, 9","period":"1919—1944","color":"#ff9b00"}},{"type":"Feature","geometry":{"type":"Polygon","coordinates":[[[25.0362648,48.5249053],[25.036216,48.5248027],[25.0360416,48.5248493],[25.0360924,48.5249392],[25.0362648,48.5249053]]]},"properties":{"id":"48.52488,25.03615","name":"Кам'яниця","address":"Митрополита Андрея Шептицького, 3","period":null,"color":"gold"}},{"type":"Feature","geometry":{"type":"Polygon","coordinates":[[[25.0370053,48.5247981],[25.0370597,48.5249166],[25.0369803,48.5249327],[25.0368771,48.5247532],[25.0367724,48.5247804],[25.0368013,48.524832],[25.0369383,48.5250784],[25.0372336,48.5250174],[25.0372421,48.5250203],[25.0372519,48.5250072],[25.037263,48.5250109],[25.0372824,48.5249849],[25.0372739,48.5249821],[25.0372832,48.5249696],[25.037273,48.5249663],[25.0371764,48.5247599],[25.0370053,48.5247981]]]},"properties":{"id":"48.52495,25.03715","name":"Ратуша і маґістрат","address":"Михайла Грушевського, 1","period":"1866—1913","color":"#B22222"}},{"type":"Feature","geometry":{"type":"Polygon","coordinates":[[[25.0354323,48.5253192],[25.0356468,48.5252924],[25.035635,48.5252384],[25.0356133,48.5252408],[25.0355882,48.5251548],[25.0356194,48.5251318],[25.0357023,48.5251218],[25.0356627,48.5249722],[25.0356309,48.5249746],[25.0356298,48.5249664],[25.0356079,48.5249679],[25.0355238,48.5249487],[25.0355173,48.5249357],[25.035508,48.5249247],[25.0354925,48.5249159],[25.0354751,48.5249098],[25.0354556,48.5249052],[25.0354307,48.5249054],[25.0354121,48.5249069],[25.0353945,48.5249125],[25.0353809,48.5249233],[25.03537,48.524933],[25.0353658,48.5249475],[25.0353654,48.5249604],[25.0353687,48.5249864],[25.0353516,48.5249972],[25.0353208,48.5250225],[25.0353021,48.5250462],[25.0352601,48.5250531],[25.0352971,48.5251739],[25.0353843,48.5251637],[25.0354207,48.5251796],[25.035441,48.5252638],[25.0354164,48.525266],[25.0354323,48.5253192]]]},"properties":{"id":"48.52507,25.03548","name":"Церква св. Архістратига Михаїла","address":"Михайла Грушевського, 11","period":"1772—1865","color":"darkred"}},{"type":"Feature","geometry":{"type":"Polygon","coordinates":[[[25.0351753,48.525364],[25.0352302,48.5253585],[25.0351953,48.5252041],[25.0351464,48.525209],[25.0351293,48.5252107],[25.0351574,48.5253347],[25.0351684,48.5253336],[25.0351753,48.525364]]]},"properties":{"id":"48.52526,25.03517","name":"Дзвіниця церкви св. Архістратига Михаїла","address":"Михайла Грушевського, 11","period":"1772—1865","color":"darkred"}},{"type":"Feature","geometry":{"type":"Polygon","coordinates":[[[25.0348655,48.5253939],[25.035033,48.5253776],[25.0349651,48.5251116],[25.0348739,48.5251187],[25.0348954,48.5252235],[25.0348263,48.5252279],[25.0348655,48.5253939]]]},"properties":{"id":"48.5253,25.03492","name":"Аптека Гаусберґа","address":"Михайла Грушевського, 13","period":"1866—1913","color":"#B22222"}},{"type":"Feature","geometry":{"type":"Polygon","coordinates":[[[25.034862,48.525394],[25.0346908,48.5254117],[25.0345974,48.5252434],[25.0348226,48.5252278],[25.034862,48.525394]]]},"properties":{"id":"48.52533,25.03475","name":"Кам'яниця","address":"Михайла Грушевського, 15","period":null,"color":"gold"}},{"type":"Feature","geometry":{"type":"Polygon","coordinates":[[[25.0346886,48.5254119],[25.0345661,48.5254254],[25.0344826,48.5252759],[25.0345946,48.5252434],[25.0346886,48.5254119]]]},"properties":{"id":"48.52533,25.03458","name":"Кам'яниця","address":"Михайла Грушевського, 17","period":null,"color":"gold"}},{"type":"Feature","geometry":{"type":"Polygon","coordinates":[[[25.034352,48.5254463],[25.0345631,48.5254255],[25.0344555,48.5252324],[25.0343777,48.5252448],[25.0343703,48.5252324],[25.0342758,48.5252501],[25.034352,48.5254463]]]},"properties":{"id":"48.52533,25.03441","name":"Школа ім. Т. Шевченка","address":"Михайла Грушевського, 19","period":"1866—1913","color":"#B22222"}},{"type":"Feature","geometry":{"type":"Polygon","coordinates":[[[25.0342042,48.5254625],[25.0343489,48.5254467],[25.0342543,48.525211],[25.0341658,48.5252288],[25.0342114,48.5253372],[25.0341538,48.5253447],[25.0342042,48.5254625]]]},"properties":{"id":"48.5254,25.03426","name":"Кам'яниця","address":"Михайла Грушевського, 21","period":null,"color":"gold"}},{"type":"Feature","geometry":{"type":"Polygon","coordinates":[[[25.0341519,48.5253459],[25.0342015,48.5254628],[25.0339359,48.5254922],[25.033895,48.5253771],[25.0341519,48.5253459]]]},"properties":{"id":"48.52543,25.03404","name":"Кам'яниця","address":"Михайла Грушевського, 23","period":null,"color":"gold"}},{"type":"Feature","geometry":{"type":"Polygon","coordinates":[[[25.0327297,48.5254463],[25.0328573,48.5254458],[25.0328568,48.5252794],[25.0328989,48.5252802],[25.0328991,48.5253066],[25.0330397,48.5253064],[25.0330406,48.5255549],[25.0327361,48.5255578],[25.0327297,48.5254463]]]},"properties":{"id":"48.52549,25.03293","name":"Кам'яниця Герша Рамлєра","address":"Михайла Грушевського, 29","period":"1866—1913","color":"#B22222"}},{"type":"Feature","geometry":{"type":"Polygon","coordinates":[[[25.0368207,48.5251014],[25.0369383,48.5250784],[25.0368013,48.524832],[25.0367374,48.524846],[25.0368021,48.5249686],[25.0367626,48.5249784],[25.0368207,48.5251014]]]},"properties":{"id":"48.52504,25.03686","name":"Кам'яниця","address":"Михайла Грушевського, 3","period":null,"color":"gold"}},{"type":"Feature","geometry":{"type":"Polygon","coordinates":[[[25.0321926,48.5255705],[25.032176,48.5254144],[25.0319913,48.525423],[25.0320079,48.5255791],[25.0321926,48.5255705]]]},"properties":{"id":"48.5255,25.03209","name":"Школа ім. Яховича (4-класна, чоловіча)","address":"Михайла Грушевського, 35","period":null,"color":"gold"}},{"type":"Feature","geometry":{"type":"Polygon","coordinates":[[[25.037055,48.5252476],[25.0370337,48.5251913],[25.0371298,48.5251711],[25.0371505,48.5252311],[25.037055,48.5252476]]]},"properties":{"id":"48.52521,25.03709","name":"Кам'яниця","address":"Михайла Грушевського, 4","period":"1866—1913","color":"#B22222"}},{"type":"Feature","geometry":{"type":"Polygon","coordinates":[[[25.0308023,48.5255965],[25.0310088,48.5255947],[25.0310062,48.5254722],[25.0308962,48.5254739],[25.030864,48.5254473],[25.030856,48.5253674],[25.0308238,48.5253691],[25.0308211,48.5253549],[25.0307782,48.5253567],[25.0308023,48.5255965]]]},"properties":{"id":"48.52555,25.03089","name":"Кам'яниця","address":"Михайла Грушевського, 45","period":null,"color":"gold"}},{"type":"Feature","geometry":{"type":"Polygon","coordinates":[[[25.0366539,48.525136],[25.0368207,48.5251014],[25.0367626,48.5249784],[25.0367206,48.5249871],[25.0366621,48.5248633],[25.0365373,48.5248892],[25.0366539,48.525136]]]},"properties":{"id":"48.52505,25.0367","name":"Кам'яниця","address":"Михайла Грушевського, 5","period":null,"color":"gold"}},{"type":"Feature","geometry":{"type":"Polygon","coordinates":[[[25.0316577,48.525932],[25.0317381,48.525932],[25.0317256,48.5258302],[25.0317191,48.5257348],[25.0316303,48.5257361],[25.0316338,48.5257866],[25.0316577,48.525932]]]},"properties":{"id":"48.52579,25.03168","name":"Кам'яниця","address":"Михайла Грушевського, 52","period":null,"color":"gold"}},{"type":"Feature","geometry":{"type":"Polygon","coordinates":[[[25.0299091,48.5256089],[25.0301961,48.5256018],[25.0301908,48.5254562],[25.0301049,48.5254615],[25.0301157,48.5255166],[25.0299896,48.5255237],[25.0299735,48.5254331],[25.0299574,48.5254349],[25.0299547,48.5254313],[25.029944,48.5253691],[25.0298635,48.5253762],[25.0299091,48.5256089]]]},"properties":{"id":"48.52557,25.03004","name":"Кам'яниця","address":"Михайла Грушевського, 53","period":null,"color":"gold"}},{"type":"Feature","geometry":{"type":"Polygon","coordinates":[[[25.0314518,48.5258034],[25.0314569,48.5258653],[25.0314593,48.5258948],[25.0315452,48.5258917],[25.0315379,48.5258035],[25.0315472,48.5258031],[25.0315418,48.5257376],[25.0314466,48.5257411],[25.0314518,48.5258034]]]},"properties":{"id":"48.5258,25.0315","name":"Кам'яниця","address":"Михайла Грушевського, 54","period":null,"color":"gold"}},{"type":"Feature","geometry":{"type":"Polygon","coordinates":[[[25.0297092,48.5255721],[25.0297523,48.5255692],[25.0297495,48.5255506],[25.0298085,48.5255467],[25.0297926,48.525441],[25.0296314,48.5254517],[25.0296477,48.5255595],[25.0297067,48.5255556],[25.0297092,48.5255721]]]},"properties":{"id":"48.52551,25.02972","name":"Будинок","address":"Михайла Грушевського, 55","period":"1919—1944","color":"#ff9b00"}},{"type":"Feature","geometry":{"type":"Polygon","coordinates":[[[25.0312187,48.5257456],[25.0312174,48.5258088],[25.0312579,48.525808],[25.0312775,48.5259226],[25.0312939,48.5259223],[25.031296,48.5259499],[25.031364,48.5259475],[25.0314619,48.5259439],[25.0314593,48.5258948],[25.0314569,48.5258653],[25.0314276,48.5258664],[25.0314227,48.5258035],[25.0314518,48.5258034],[25.0314466,48.5257411],[25.0312187,48.5257456]]]},"properties":{"id":"48.52581,25.03135","name":"Кам'яниця","address":"Михайла Грушевського, 56","period":null,"color":"gold"}},{"type":"Feature","geometry":{"type":"Polygon","coordinates":[[[25.0370312,48.5251909],[25.0370713,48.5252959],[25.0368426,48.5253353],[25.0367881,48.5252447],[25.0370312,48.5251909]]]},"properties":{"id":"48.52527,25.03694","name":"Кам'яниця","address":"Михайла Грушевського, 6","period":"1866—1913","color":"#B22222"}},{"type":"Feature","geometry":{"type":"Polygon","coordinates":[[[25.028201,48.5255203],[25.028455,48.5255115],[25.0284657,48.525646],[25.0282117,48.5256549],[25.028201,48.5255203]]]},"properties":{"id":"48.52559,25.02832","name":"Кам'яниця","address":"Михайла Грушевського, 63","period":null,"color":"gold"}},{"type":"Feature","geometry":{"type":"Polygon","coordinates":[[[25.0305127,48.5260617],[25.0307325,48.526046],[25.0307728,48.5262931],[25.0305529,48.5263088],[25.0305127,48.5260617]]]},"properties":{"id":"48.52617,25.03065","name":"Школа ім. М. Конопніцької","address":"Михайла Грушевського, 64","period":"1866—1913","color":"#B22222"}},{"type":"Feature","geometry":{"type":"Polygon","coordinates":[[[25.0363718,48.5249628],[25.0363984,48.5249564],[25.036309,48.5247645],[25.0362079,48.5247856],[25.036216,48.5248027],[25.0362648,48.5249053],[25.0363984,48.5251867],[25.0364964,48.525167],[25.0366512,48.5251355],[25.0366166,48.5250626],[25.0365737,48.5250716],[25.0365416,48.525004],[25.0364049,48.5250325],[25.0363888,48.5249986],[25.0363718,48.5249628]]]},"properties":{"id":"48.5251,25.03648","name":"Кам'яниця","address":"Михайла Грушевського, 7","period":null,"color":"gold"}},{"type":"Feature","geometry":{"type":"Polygon","coordinates":[[[25.0284356,48.5259876],[25.0284742,48.5259873],[25.0284768,48.52595],[25.0285922,48.52595],[25.0285922,48.5259358],[25.0286646,48.5259358],[25.0286646,48.5258328],[25.0285868,48.5258328],[25.0285868,48.525815],[25.0285144,48.525815],[25.0285144,48.5258345],[25.0284527,48.5258345],[25.0284356,48.5259876]]]},"properties":{"id":"48.52588,25.02855","name":"Вілла д-ра Дмитра Станкевича","address":"Михайла Грушевського, 76","period":"1919—1944","color":"#ff9b00"}},{"type":"Feature","geometry":{"type":"Polygon","coordinates":[[[25.0360924,48.5249392],[25.0362443,48.525217],[25.0363984,48.5251867],[25.0362648,48.5249053],[25.0360924,48.5249392]]]},"properties":{"id":"48.52506,25.03624","name":"Кам'яниця","address":"Михайла Грушевського, 9","period":"1866—1913","color":"#B22222"}},{"type":"Feature","geometry":{"type":"Polygon","coordinates":[[[25.039254,48.5294827],[25.0394693,48.5294432],[25.0392642,48.5289934],[25.0392262,48.5289798],[25.0386632,48.5290979],[25.0387309,48.5292411],[25.0389144,48.5292049],[25.0389086,48.5291934],[25.0390314,48.5291647],[25.0390394,48.5291736],[25.039085,48.529163],[25.0391199,48.5291683],[25.0391386,48.5292092],[25.0391521,48.5292074],[25.0391848,48.5292899],[25.0391692,48.5292923],[25.039254,48.5294827]]]},"properties":{"id":"48.52907,25.03918","name":"Ц. К. Краєва дирекція скарбова","address":"Михайла Драгоманова, 1","period":"1866—1913","color":"#B22222"}},{"type":"Feature","geometry":{"type":"Polygon","coordinates":[[[25.0392588,48.5296555],[25.0391845,48.5296698],[25.0391913,48.5296852],[25.0390735,48.5297078],[25.0391322,48.5298419],[25.0394563,48.5297796],[25.0393972,48.5296447],[25.0392652,48.5296701],[25.0392588,48.5296555]]]},"properties":{"id":"48.52975,25.03925","name":"Кам'яниця","address":"Михайла Драгоманова, 3","period":"1866—1913","color":"#B22222"}},{"type":"Feature","geometry":{"type":"Polygon","coordinates":[[[25.0398602,48.5298006],[25.0401923,48.529749],[25.0401727,48.5296953],[25.0399381,48.5297344],[25.0399026,48.5296474],[25.0397982,48.5296677],[25.0398602,48.5298006]]]},"properties":{"id":"48.52973,25.03988","name":"Будинок","address":"Михайла Драгоманова, 6","period":"1919—1944","color":"#ff9b00"}},{"type":"Feature","geometry":{"type":"Polygon","coordinates":[[[25.039054,48.5322538],[25.0392098,48.532219],[25.0391341,48.5320705],[25.0389733,48.5321065],[25.038995,48.5321491],[25.038981,48.5321522],[25.0390108,48.5322105],[25.0390297,48.5322063],[25.039054,48.5322538]]]},"properties":{"id":"48.53217,25.0391","name":"Будинок","address":"Михайла Павлика, 10","period":null,"color":"gold"}},{"type":"Feature","geometry":{"type":"Polygon","coordinates":[[[25.039539,48.5335317],[25.039499,48.5334508],[25.0394503,48.5334614],[25.0394173,48.5333944],[25.0392169,48.5334377],[25.0393197,48.5336459],[25.0395213,48.5336022],[25.0394916,48.533542],[25.039539,48.5335317]]]},"properties":{"id":"48.53352,25.03938","name":"Будинок","address":"Михайла Павлика, 13","period":"1866—1913","color":"#B22222"}},{"type":"Feature","geometry":{"type":"Polygon","coordinates":[[[25.0392755,48.5327026],[25.0394318,48.5326675],[25.0393926,48.5325908],[25.039477,48.5325718],[25.0394471,48.5325133],[25.0392054,48.5325676],[25.039225,48.532606],[25.0392077,48.5326099],[25.0392379,48.5326686],[25.039256,48.5326646],[25.0392755,48.5327026]]]},"properties":{"id":"48.53262,25.03932","name":"Будинок","address":"Михайла Павлика, 14","period":null,"color":"gold"}},{"type":"Feature","geometry":{"type":"Polygon","coordinates":[[[25.0394939,48.5338841],[25.0396545,48.5338517],[25.0396312,48.5338008],[25.0396603,48.5337949],[25.0396169,48.5337005],[25.0392327,48.533778],[25.0392582,48.5338334],[25.0394163,48.5338015],[25.0394275,48.5338257],[25.039482,48.5338147],[25.0394923,48.5338372],[25.039474,48.5338409],[25.0394939,48.5338841]]]},"properties":{"id":"48.53379,25.03956","name":"Будинок","address":"Михайла Павлика, 15","period":"1866—1913","color":"#B22222"}},{"type":"Feature","geometry":{"type":"Polygon","coordinates":[[[25.0395729,48.5331261],[25.0396377,48.5331128],[25.0396101,48.533054],[25.0396714,48.5330414],[25.0396432,48.5329811],[25.0396108,48.5329878],[25.0395553,48.5328696],[25.0393881,48.532904],[25.0394064,48.5329431],[25.0393801,48.5329485],[25.0394302,48.5330552],[25.0394598,48.5330492],[25.0394765,48.5330849],[25.0395467,48.5330705],[25.0395729,48.5331261]]]},"properties":{"id":"48.533,25.03951","name":"Будинок","address":"Михайла Павлика, 16","period":"1866—1913","color":"#B22222"}},{"type":"Feature","geometry":{"type":"Polygon","coordinates":[[[25.0395778,48.5341503],[25.0397778,48.534108],[25.0397488,48.5340479],[25.0397852,48.5340402],[25.0397481,48.5339634],[25.03971,48.5339715],[25.0396807,48.5339109],[25.0394824,48.5339529],[25.0395778,48.5341503]]]},"properties":{"id":"48.53403,25.03964","name":"Будинок","address":"Михайла Павлика, 17","period":"1866—1913","color":"#B22222"}},{"type":"Feature","geometry":{"type":"Polygon","coordinates":[[[25.0395981,48.5333865],[25.0396186,48.533382],[25.0396392,48.5334226],[25.0398274,48.5333805],[25.0397321,48.5331933],[25.0395465,48.5332348],[25.0395658,48.5332728],[25.0395428,48.533278],[25.0395981,48.5333865]]]},"properties":{"id":"48.53331,25.03967","name":"Будинок","address":"Михайла Павлика, 18","period":"1866—1913","color":"#B22222"}},{"type":"Feature","geometry":{"type":"Polygon","coordinates":[[[25.0397032,48.5335658],[25.0397307,48.5336209],[25.0397115,48.5336251],[25.0397512,48.5337047],[25.0397678,48.5337011],[25.0397953,48.5337561],[25.0399834,48.533715],[25.0399386,48.5336252],[25.0399591,48.5336207],[25.0399202,48.5335428],[25.0398997,48.5335472],[25.0398887,48.5335252],[25.0397032,48.5335658]]]},"properties":{"id":"48.53364,25.03982","name":"Будинок","address":"Михайла Павлика, 20","period":"1866—1913","color":"#B22222"}},{"type":"Feature","geometry":{"type":"Polygon","coordinates":[[[25.0399665,48.5340907],[25.0401287,48.5340584],[25.0401203,48.5340399],[25.0401545,48.5340331],[25.040094,48.5338998],[25.0401034,48.533898],[25.0400801,48.5338466],[25.0398667,48.5338891],[25.0398949,48.5339511],[25.0398751,48.5339551],[25.0399077,48.5340267],[25.039935,48.5340213],[25.0399665,48.5340907]]]},"properties":{"id":"48.53397,25.04001","name":"Будинок","address":"Михайла Павлика, 22","period":"1866—1913","color":"#B22222"}},{"type":"Feature","geometry":{"type":"Polygon","coordinates":[[[25.0389399,48.5320166],[25.0390994,48.5319824],[25.0390603,48.5319023],[25.0391622,48.5318804],[25.0391312,48.531817],[25.0389801,48.5318493],[25.0389677,48.5318239],[25.0388773,48.5318432],[25.0388903,48.5318698],[25.0388717,48.5318737],[25.0388949,48.5319211],[25.0388751,48.5319254],[25.0388992,48.5319748],[25.0389176,48.5319709],[25.0389399,48.5320166]]]},"properties":{"id":"48.53193,25.03899","name":"Будинок","address":"Михайла Павлика, 8","period":null,"color":"gold"}},{"type":"Feature","geometry":{"type":"Polygon","coordinates":[[[25.0386721,48.5165855],[25.0386569,48.5165531],[25.0386415,48.5165563],[25.0386287,48.516529],[25.0385322,48.5165488],[25.0385761,48.5166426],[25.0386713,48.516623],[25.0386553,48.5165889],[25.0386721,48.5165855]]]},"properties":{"id":"48.51658,25.0386","name":"Будинок","address":"Млинська, 11","period":null,"color":"gold"}},{"type":"Feature","geometry":{"type":"Polygon","coordinates":[[[25.0389648,48.5165169],[25.0388938,48.5163867],[25.0387937,48.5164107],[25.0388647,48.5165408],[25.0389648,48.5165169]]]},"properties":{"id":"48.51646,25.03888","name":"Будинок","address":"Млинська, 16","period":"1919—1944","color":"#ff9b00"}},{"type":"Feature","geometry":{"type":"Polygon","coordinates":[[[25.0398509,48.5162881],[25.0398991,48.5163686],[25.0400431,48.5163308],[25.039995,48.5162503],[25.0398509,48.5162881]]]},"properties":{"id":"48.51631,25.03995","name":"Будинок","address":"Млинська, 22","period":"1919—1944","color":"#ff9b00"}},{"type":"Feature","geometry":{"type":"Polygon","coordinates":[[[25.0438833,48.5166364],[25.0438155,48.5166443],[25.0438111,48.5166279],[25.0437541,48.5166345],[25.0437583,48.5166505],[25.0436936,48.516658],[25.0437057,48.516704],[25.0437199,48.5167576],[25.0437242,48.516774],[25.0437654,48.5167692],[25.0437679,48.5167788],[25.0438098,48.516774],[25.0438017,48.5167435],[25.0439083,48.5167311],[25.0438833,48.5166364]]]},"properties":{"id":"48.5167,25.0438","name":"Будинок","address":"Млинська, 47","period":"1919—1944","color":"#ff9b00"}},{"type":"Feature","geometry":{"type":"Polygon","coordinates":[[[25.0434774,48.5164982],[25.0434516,48.5164887],[25.0434447,48.5164723],[25.0434408,48.516473],[25.043435,48.5164593],[25.0434467,48.5164571],[25.043434,48.516427],[25.0433263,48.516447],[25.0433204,48.5164333],[25.0432517,48.516446],[25.0432916,48.5165406],[25.0433487,48.51653],[25.0433542,48.5165429],[25.0433996,48.5165345],[25.0433942,48.5165216],[25.0434487,48.5165114],[25.0434534,48.5165226],[25.0434767,48.5165183],[25.0434828,48.5165111],[25.0434774,48.5164982]]]},"properties":{"id":"48.51649,25.04334","name":"Будинок","address":"Млинська, 50","period":null,"color":"gold"}},{"type":"Feature","geometry":{"type":"Polygon","coordinates":[[[25.0439723,48.5166199],[25.0439975,48.5167113],[25.0441327,48.5166949],[25.0441075,48.5166036],[25.0439723,48.5166199]]]},"properties":{"id":"48.51666,25.04405","name":"Будинок","address":"Млинська, 51","period":null,"color":"gold"}},{"type":"Feature","geometry":{"type":"Polygon","coordinates":[[[25.0382173,48.516317],[25.0381622,48.5163254],[25.0381667,48.5163385],[25.0381142,48.5163465],[25.0381497,48.5164483],[25.0383256,48.5164214],[25.0382898,48.5163187],[25.0382216,48.5163292],[25.0382173,48.516317]]]},"properties":{"id":"48.51638,25.03823","name":"Будинок","address":"Млинська, 7","period":"1919—1944","color":"#ff9b00"}},{"type":"Feature","geometry":{"type":"Polygon","coordinates":[[[25.0378503,48.5162553],[25.0378464,48.5162417],[25.0377623,48.5162522],[25.0377319,48.5161459],[25.0378068,48.5161365],[25.03782,48.5161826],[25.0379183,48.5161703],[25.0379347,48.5162278],[25.0378882,48.5162336],[25.0378929,48.51625],[25.0378503,48.5162553]]]},"properties":{"id":"48.51621,25.03786","name":"Будинок","address":"Млинська, 8","period":"1919—1944","color":"#ff9b00"}},{"type":"Feature","geometry":{"type":"Polygon","coordinates":[[[25.0384386,48.516299],[25.0383776,48.5163063],[25.0383807,48.5163177],[25.0383303,48.5163237],[25.038358,48.5164256],[25.0385331,48.5164048],[25.0385054,48.5163028],[25.0384417,48.5163104],[25.0384386,48.516299]]]},"properties":{"id":"48.51637,25.03843","name":"Будинок","address":"Млинська, 9","period":"1919—1944","color":"#ff9b00"}},{"type":"Feature","geometry":{"type":"Polygon","coordinates":[[[25.0466818,48.54209],[25.0465489,48.5421329],[25.046493,48.542057],[25.0466258,48.5420141],[25.0466818,48.54209]]]},"properties":{"id":"48.54207,25.04659","name":"Вілла","address":"Олександра Пушкіна (Едельвейсів), 3","period":null,"color":"gold"}},{"type":"Feature","geometry":{"type":"Polygon","coordinates":[[[25.0157153,48.5397839],[25.0158222,48.5398029],[25.0157783,48.5399114],[25.0156713,48.5398924],[25.0157153,48.5397839]]]},"properties":{"id":"48.53984,25.01574","name":"Червоні касарні (в'їзна брама)","address":"Олекси Довбуша","period":"1866—1913","color":"#B22222"}},{"type":"Feature","geometry":{"type":"Polygon","coordinates":[[[25.0140356,48.5391539],[25.0141319,48.5389481],[25.0142958,48.5389817],[25.0143079,48.5389558],[25.0143343,48.5389612],[25.0143654,48.5388947],[25.0143381,48.5388891],[25.0143508,48.538862],[25.0139546,48.5387806],[25.0137476,48.5392226],[25.0141448,48.5393041],[25.0141572,48.5392776],[25.0141827,48.5392828],[25.0142127,48.5392187],[25.0141872,48.5392135],[25.0141994,48.5391876],[25.0140356,48.5391539]]]},"properties":{"id":"48.53901,25.01398","name":"Червоні касарні","address":"Олекси Довбуша","period":"1866—1913","color":"#B22222"}},{"type":"Feature","geometry":{"type":"Polygon","coordinates":[[[25.0139319,48.539688],[25.0139756,48.5395917],[25.0137772,48.5395523],[25.0136795,48.5397693],[25.0138776,48.5398056],[25.0139105,48.5398121],[25.0139306,48.5397678],[25.0138503,48.5397518],[25.0138836,48.5396784],[25.0139319,48.539688]]]},"properties":{"id":"48.53978,25.01375","name":"Червоні касарні","address":"Олекси Довбуша","period":"1866—1913","color":"#B22222"}},{"type":"Feature","geometry":{"type":"Polygon","coordinates":[[[25.0133988,48.5407138],[25.0134069,48.5407103],[25.013482,48.5405504],[25.013321,48.5405167],[25.0132915,48.5405788],[25.013262,48.5405877],[25.0132567,48.5406037],[25.0132728,48.5406179],[25.0132433,48.5406801],[25.0133988,48.5407138]]]},"properties":{"id":"48.54062,25.01336","name":"Червоні касарні","address":"Олекси Довбуша","period":"1866—1913","color":"#B22222"}},{"type":"Feature","geometry":{"type":"Polygon","coordinates":[[[25.0243933,48.5326029],[25.0244026,48.5326169],[25.0243459,48.5326335],[25.0244284,48.5327569],[25.0245044,48.5327347],[25.0245054,48.532736],[25.0246347,48.5326982],[25.0245506,48.5325724],[25.0244893,48.5325903],[25.0244806,48.5325773],[25.0243933,48.5326029]]]},"properties":{"id":"48.53266,25.02449","name":"Міщанський будинок (Маріяґільф)","address":"Олекси Довбуша, 104","period":"1866—1913","color":"#B22222"}},{"type":"Feature","geometry":{"type":"Polygon","coordinates":[[[25.0231299,48.5333745],[25.0231932,48.5333322],[25.0231342,48.5332934],[25.02317,48.5332695],[25.0230783,48.5332092],[25.0229905,48.5332678],[25.023077,48.5333246],[25.0230656,48.5333322],[25.0231299,48.5333745]]]},"properties":{"id":"48.53327,25.02309","name":"Міщанський будинок (Маріяґільф)","address":"Олекси Довбуша, 112","period":null,"color":"gold"}},{"type":"Feature","geometry":{"type":"Polygon","coordinates":[[[25.022122,48.5332636],[25.0222218,48.5332225],[25.022279,48.5332834],[25.0221792,48.5333245],[25.022122,48.5332636]]]},"properties":{"id":"48.53327,25.02219","name":"Будинок германських колоністів (Маріяґільф)","address":"Олекси Довбуша, 115","period":null,"color":"gold"}},{"type":"Feature","geometry":{"type":"Polygon","coordinates":[[[25.0347032,48.5282641],[25.0347448,48.5283405],[25.0345806,48.5283797],[25.034539,48.5283033],[25.0347032,48.5282641]]]},"properties":{"id":"48.52832,25.03464","name":"Будинок","address":"Олекси Довбуша, 20","period":null,"color":"gold"}},{"type":"Feature","geometry":{"type":"Polygon","coordinates":[[[25.0081999,48.5482186],[25.0082699,48.5481613],[25.0082331,48.5481416],[25.0082572,48.5481219],[25.0081765,48.5480788],[25.0081549,48.5480965],[25.0080753,48.5480539],[25.0080376,48.5480847],[25.0081145,48.5481259],[25.0080798,48.5481543],[25.0081999,48.5482186]]]},"properties":{"id":"48.54814,25.00817","name":"Каплиця з дзвіницею (Маріяґільф)","address":"Олекси Довбуша, 246","period":"1919—1944","color":"#ff9b00"}},{"type":"Feature","geometry":{"type":"Polygon","coordinates":[[[24.9923448,48.5654073],[24.9924172,48.5653647],[24.9923475,48.5653097],[24.9924628,48.5652422],[24.9923529,48.5651606],[24.9921624,48.5652724],[24.9923448,48.5654073]]]},"properties":{"id":"48.56525,24.99231","name":"Національна школа імені Петера Розеґґера (Маріяґільф)","address":"Олекси Довбуша, 404","period":"1866—1913","color":"#B22222"}},{"type":"Feature","geometry":{"type":"Polygon","coordinates":[[[24.9822971,48.5715252],[24.9823202,48.5715142],[24.9823316,48.5715252],[24.9823589,48.5715125],[24.9823485,48.5715026],[24.9823672,48.571494],[24.9823073,48.571436],[24.982293,48.5714439],[24.9822798,48.5714341],[24.9822766,48.5714329],[24.9822694,48.5714324],[24.9822632,48.5714329],[24.9822572,48.571435],[24.9822532,48.5714376],[24.9822507,48.5714404],[24.9822498,48.5714438],[24.9822506,48.5714474],[24.9822521,48.5714511],[24.9822581,48.5714572],[24.9822385,48.5714681],[24.9822971,48.5715252]]]},"properties":{"id":"48.57148,24.98229","name":"Німецька кірха Благодатної Марії, помічниці вірних (Маріягільф)","address":"Олекси Довбуша, 441","period":"1772—1865","color":"darkred"}},{"type":"Feature","geometry":{"type":"Polygon","coordinates":[[[25.0317304,48.5300065],[25.0317675,48.5299914],[25.03175,48.5299692],[25.0317619,48.529965],[25.0317375,48.5299363],[25.0317385,48.5299233],[25.0318422,48.5298853],[25.0317825,48.5298162],[25.0317586,48.5297885],[25.0317476,48.5297757],[25.0317681,48.5297612],[25.0316982,48.5297225],[25.0316293,48.5297718],[25.0316361,48.5297766],[25.0315673,48.5298266],[25.0317304,48.5300065]]]},"properties":{"id":"48.52984,25.0317","name":"Кам'яниця","address":"Олекси Довбуша, 50","period":"1919—1944","color":"#ff9b00"}},{"type":"Feature","geometry":{"type":"Polygon","coordinates":[[[25.0301644,48.5308887],[25.0301511,48.5308722],[25.0300353,48.5309132],[25.0301118,48.5310079],[25.0302834,48.5309472],[25.0302203,48.5308689],[25.0301644,48.5308887]]]},"properties":{"id":"48.53093,25.03016","name":"Міщанський будинок (Маріяґільф)","address":"Олекси Довбуша, 70","period":null,"color":"gold"}},{"type":"Feature","geometry":{"type":"Polygon","coordinates":[[[25.029186,48.5314576],[25.0293488,48.5313991],[25.0292735,48.5313073],[25.0292092,48.5313304],[25.0291983,48.5313171],[25.0290735,48.531362],[25.0291116,48.5314084],[25.0291379,48.5313989],[25.029186,48.5314576]]]},"properties":{"id":"48.53137,25.02921","name":"Міщанський будинок (Маріяґільф)","address":"Олекси Довбуша, 76","period":null,"color":"gold"}},{"type":"Feature","geometry":{"type":"Polygon","coordinates":[[[25.0275534,48.5323492],[25.0276313,48.5323173],[25.0275383,48.5322178],[25.0275685,48.5322054],[25.027557,48.5321931],[25.0275714,48.5321872],[25.0275004,48.5321111],[25.0273778,48.5321614],[25.0275534,48.5323492]]]},"properties":{"id":"48.53218,25.02748","name":"Вілла \"Марія\"","address":"Олекси Довбуша, 96","period":"1866—1913","color":"#B22222"}},{"type":"Feature","geometry":{"type":"Polygon","coordinates":[[[25.0272777,48.5323067],[25.0274256,48.5322383],[25.0273526,48.5321691],[25.0272904,48.5321978],[25.0272788,48.5321868],[25.0272443,48.5322028],[25.0272558,48.5322137],[25.0272045,48.5322374],[25.0272777,48.5323067]]]},"properties":{"id":"48.53223,25.0273","name":"Міщанський будинок (Маріяґільф)","address":"Олекси Довбуша, 98","period":null,"color":"gold"}},{"type":"Feature","geometry":{"type":"Polygon","coordinates":[[[25.0455433,48.5284055],[25.0457139,48.5283575],[25.0455871,48.5281598],[25.0455681,48.5281547],[25.0454441,48.528198],[25.0454908,48.5282962],[25.0455281,48.5282856],[25.0455659,48.5283444],[25.0455175,48.5283581],[25.0455433,48.5284055]]]},"properties":{"id":"48.52824,25.04555","name":"Будинок","address":"Ольги Кобилянської, 1","period":null,"color":"gold"}},{"type":"Feature","geometry":{"type":"Polygon","coordinates":[[[25.0461155,48.529627],[25.046137,48.5296762],[25.0463161,48.5296419],[25.0462853,48.5295716],[25.0463099,48.5295669],[25.0462828,48.5295048],[25.0460583,48.5295479],[25.0460763,48.529589],[25.046121,48.5295804],[25.0461394,48.5296225],[25.0461155,48.529627]]]},"properties":{"id":"48.52961,25.04622","name":"Будинок","address":"Ольги Кобилянської, 11","period":null,"color":"gold"}},{"type":"Feature","geometry":{"type":"Polygon","coordinates":[[[25.0466517,48.5299681],[25.0466603,48.5299812],[25.0465985,48.529999],[25.046665,48.5301],[25.0468359,48.5300506],[25.0467695,48.5299497],[25.0467114,48.5299664],[25.0467028,48.5299533],[25.0466517,48.5299681]]]},"properties":{"id":"48.53003,25.04672","name":"Будинок","address":"Ольги Кобилянської, 14","period":null,"color":"gold"}},{"type":"Feature","geometry":{"type":"Polygon","coordinates":[[[25.0462624,48.5298478],[25.0462671,48.5298599],[25.0462228,48.5298675],[25.0462681,48.5299827],[25.0464107,48.5299581],[25.0463658,48.5298438],[25.0463149,48.5298526],[25.0463098,48.5298396],[25.0462624,48.5298478]]]},"properties":{"id":"48.52992,25.04632","name":"Будинок","address":"Ольги Кобилянської, 15","period":null,"color":"gold"}},{"type":"Feature","geometry":{"type":"Polygon","coordinates":[[[25.0471988,48.5309905],[25.0473251,48.5309583],[25.0473057,48.530925],[25.0473295,48.5309189],[25.0473101,48.5308856],[25.0473491,48.5308756],[25.0473174,48.5308212],[25.0472302,48.5308435],[25.0472413,48.5308626],[25.0471018,48.5308983],[25.0471248,48.5309377],[25.0471625,48.5309281],[25.0471988,48.5309905]]]},"properties":{"id":"48.53093,25.04722","name":"Кам'яниця","address":"Ольги Кобилянської, 20","period":null,"color":"gold"}},{"type":"Feature","geometry":{"type":"Polygon","coordinates":[[[25.0467829,48.531064],[25.0469313,48.5310293],[25.0468918,48.5309551],[25.0469333,48.5309454],[25.0469093,48.5309005],[25.0468447,48.5309155],[25.0468379,48.5309026],[25.0467125,48.5309319],[25.0467829,48.531064]]]},"properties":{"id":"48.531,25.04683","name":"Будинок","address":"Ольги Кобилянської, 23","period":"1866—1913","color":"#B22222"}},{"type":"Feature","geometry":{"type":"Polygon","coordinates":[[[25.0474803,48.5316426],[25.0476359,48.5316053],[25.0475822,48.5315111],[25.0475527,48.5315182],[25.0475366,48.5314845],[25.0474159,48.5315147],[25.0474803,48.5316426]]]},"properties":{"id":"48.53158,25.04753","name":"Кам'яниця","address":"Ольги Кобилянської, 24","period":"1866—1913","color":"#B22222"}},{"type":"Feature","geometry":{"type":"Polygon","coordinates":[[[25.0468888,48.5311773],[25.0469452,48.5312827],[25.0470842,48.5312501],[25.0470277,48.5311446],[25.0468888,48.5311773]]]},"properties":{"id":"48.53122,25.04698","name":"Будинок","address":"Ольги Кобилянської, 27","period":"1866—1913","color":"#B22222"}},{"type":"Feature","geometry":{"type":"Polygon","coordinates":[[[25.0470216,48.5314275],[25.0471685,48.5313911],[25.0471467,48.5313526],[25.0471755,48.5313454],[25.0471461,48.5312933],[25.0471182,48.5313002],[25.047097,48.5312626],[25.0468971,48.5313121],[25.0469313,48.5313727],[25.0469834,48.5313598],[25.0470216,48.5314275]]]},"properties":{"id":"48.53135,25.04706","name":"Будинок","address":"Ольги Кобилянської, 29","period":"1866—1913","color":"#B22222"}},{"type":"Feature","geometry":{"type":"Polygon","coordinates":[[[25.0456866,48.5285193],[25.0456582,48.5285276],[25.0457441,48.528657],[25.0458766,48.5286184],[25.0457782,48.5284702],[25.0456741,48.5285006],[25.0456866,48.5285193]]]},"properties":{"id":"48.52856,25.04576","name":"Будинок","address":"Ольги Кобилянської, 3","period":"1866—1913","color":"#B22222"}},{"type":"Feature","geometry":{"type":"Polygon","coordinates":[[[25.0459872,48.5289213],[25.0459757,48.5289238],[25.045955,48.5288813],[25.0457724,48.5289205],[25.0458402,48.5290592],[25.0460215,48.5290203],[25.0460011,48.5289787],[25.046014,48.528976],[25.0459872,48.5289213]]]},"properties":{"id":"48.52899,25.0459","name":"Будинок","address":"Ольги Кобилянської, 5","period":"1866—1913","color":"#B22222"}},{"type":"Feature","geometry":{"type":"Polygon","coordinates":[[[25.036709,48.5320863],[25.0367012,48.5320718],[25.0367583,48.5320582],[25.0366858,48.5319241],[25.0366223,48.5319391],[25.0366146,48.5319248],[25.0365225,48.5319467],[25.0366025,48.5320946],[25.0366394,48.5320858],[25.0366475,48.5321009],[25.03666,48.5321082],[25.0366797,48.5321097],[25.0366958,48.5321047],[25.0367062,48.5320971],[25.036709,48.5320863]]]},"properties":{"id":"48.532,25.03663","name":"Вілла","address":"Остапа Терлецького, 3","period":null,"color":"gold"}},{"type":"Feature","geometry":{"type":"Polygon","coordinates":[[[25.0359933,48.5237328],[25.0362272,48.5236326],[25.0362146,48.5236197],[25.0363922,48.5235436],[25.0362165,48.5233637],[25.0360425,48.5234382],[25.036014,48.5234091],[25.0357765,48.5235108],[25.0359933,48.5237328]]]},"properties":{"id":"48.52354,25.03608","name":"Ткальня \"Геллер Самсон і сини\"","address":"Отця Русина, 2","period":"1866—1913","color":"#B22222"}},{"type":"Feature","geometry":{"type":"Polygon","coordinates":[[[25.0396107,48.5270087],[25.0397502,48.526943],[25.0396509,48.5268364],[25.0393971,48.526957],[25.0396107,48.5270087]]]},"properties":{"id":"48.52694,25.0396","name":"Кам'яниця","address":"Пантелеймона Куліша, 1","period":null,"color":"gold"}},{"type":"Feature","geometry":{"type":"Polygon","coordinates":[[[25.0396547,48.5268332],[25.0397613,48.5267879],[25.0398806,48.5269107],[25.039774,48.5269561],[25.0396547,48.5268332]]]},"properties":{"id":"48.52687,25.03976","name":"Кам'яниця","address":"Пантелеймона Куліша, 3","period":null,"color":"gold"}},{"type":"Feature","geometry":{"type":"Polygon","coordinates":[[[25.0373255,48.526538],[25.0377788,48.5265007],[25.0377466,48.5263355],[25.0375588,48.5263622],[25.0375856,48.526451],[25.0375025,48.5264563],[25.0374767,48.5263735],[25.0372926,48.526402],[25.03728,48.5264038],[25.0373255,48.526538]]]},"properties":{"id":"48.52647,25.03741","name":"Кам'яниця","address":"Пекарська, 1","period":null,"color":"gold"}},{"type":"Feature","geometry":{"type":"Polygon","coordinates":[[[25.036207,48.5269946],[25.0362928,48.5269715],[25.0362284,48.5268667],[25.036258,48.5268578],[25.036266,48.5268596],[25.036317,48.526943],[25.0363733,48.5269324],[25.0362848,48.5267619],[25.0360997,48.5268134],[25.036207,48.5269946]]]},"properties":{"id":"48.52683,25.03622","name":"Кам'яниця","address":"Пекарська, 18","period":null,"color":"gold"}},{"type":"Feature","geometry":{"type":"Polygon","coordinates":[[[25.037532,48.5267725],[25.037599,48.5267671],[25.037591,48.5267227],[25.0376768,48.5267174],[25.0377841,48.5267032],[25.0377646,48.5266103],[25.0377296,48.526591],[25.0377121,48.5265892],[25.0374944,48.5266108],[25.037532,48.5267725]]]},"properties":{"id":"48.52666,25.03766","name":"Кам'яниця","address":"Пекарська, 2","period":"1866—1913","color":"#B22222"}},{"type":"Feature","geometry":{"type":"Polygon","coordinates":[[[25.0369246,48.5264957],[25.0369707,48.5265647],[25.0371953,48.5265439],[25.03717,48.5264418],[25.0370395,48.5264599],[25.0369138,48.5264776],[25.0369246,48.5264957]]]},"properties":{"id":"48.5265,25.03706","name":"Єрусалимська Божниця (синагога)","address":"Пекарська, 3","period":"1772—1865","color":"darkred"}},{"type":"Feature","geometry":{"type":"Polygon","coordinates":[[[25.0374314,48.5267849],[25.037531,48.5267745],[25.0374921,48.5266086],[25.0373456,48.5266153],[25.0373764,48.5267636],[25.037425,48.526761],[25.0374314,48.5267849]]]},"properties":{"id":"48.52668,25.03743","name":"Кам'яниця","address":"Пекарська, 4","period":null,"color":"gold"}},{"type":"Feature","geometry":{"type":"Polygon","coordinates":[[[25.0373362,48.5267654],[25.0373764,48.5267636],[25.0373456,48.5266153],[25.037125,48.5266308],[25.0371569,48.5267596],[25.0373335,48.5267476],[25.0373362,48.5267654]]]},"properties":{"id":"48.5267,25.03726","name":"Кам'яниця","address":"Пекарська, 6","period":null,"color":"gold"}},{"type":"Feature","geometry":{"type":"Polygon","coordinates":[[[25.036266,48.5266588],[25.0365313,48.5266077],[25.0364607,48.5265072],[25.0363673,48.5265245],[25.0363479,48.5265064],[25.0362284,48.5265309],[25.0362365,48.5266464],[25.036266,48.5266588]]]},"properties":{"id":"48.52658,25.03635","name":"Кам'яниця","address":"Пекарська, 7","period":null,"color":"gold"}},{"type":"Feature","geometry":{"type":"Polygon","coordinates":[[[25.0367699,48.5254519],[25.0367211,48.5253646],[25.0366738,48.5252834],[25.0366409,48.5252729],[25.0364889,48.5253085],[25.036528,48.5253923],[25.0365319,48.5254011],[25.0365539,48.5253957],[25.0365648,48.5254042],[25.036583,48.5254082],[25.0365989,48.5254185],[25.0366076,48.5254379],[25.0365626,48.5254466],[25.0365851,48.5254957],[25.0366188,48.5254867],[25.0367699,48.5254519]]]},"properties":{"id":"48.52536,25.03664","name":"Кам'яниця","address":"Переяславська (Віталія Носкевича), 1","period":null,"color":"gold"}},{"type":"Feature","geometry":{"type":"Polygon","coordinates":[[[25.037119,48.5259142],[25.0371822,48.5260854],[25.037288,48.5260688],[25.0373671,48.526057],[25.0373395,48.5259663],[25.0374316,48.5259534],[25.0374626,48.5260427],[25.0376532,48.5260143],[25.0376041,48.5258324],[25.037119,48.5259142]]]},"properties":{"id":"48.52597,25.03723","name":"Кам'яниця","address":"Переяславська (Віталія Носкевича), 12","period":"1866—1913","color":"#B22222"}},{"type":"Feature","geometry":{"type":"Polygon","coordinates":[[[25.0374046,48.5261809],[25.0373942,48.5261448],[25.0373191,48.5261551],[25.0373099,48.5261331],[25.037288,48.5260688],[25.0371822,48.5260854],[25.0372198,48.5262081],[25.0374046,48.5261809]]]},"properties":{"id":"48.52614,25.03726","name":"Кам'яниця","address":"Переяславська (Віталія Носкевича), 14","period":"1866—1913","color":"#B22222"}},{"type":"Feature","geometry":{"type":"Polygon","coordinates":[[[25.0368078,48.5259627],[25.0369986,48.5259331],[25.0370375,48.5260433],[25.0369037,48.5260613],[25.0368953,48.526032],[25.0368348,48.52604],[25.0368078,48.5259627]]]},"properties":{"id":"48.52601,25.03695","name":"Кам'яниця","address":"Переяславська (Віталія Носкевича), 15","period":"1866—1913","color":"#B22222"}},{"type":"Feature","geometry":{"type":"Polygon","coordinates":[[[25.0372198,48.5262081],[25.0372476,48.5263025],[25.0373982,48.5262785],[25.0373834,48.5262254],[25.0374602,48.5262143],[25.0374463,48.5261757],[25.0374046,48.5261809],[25.0372198,48.5262081]]]},"properties":{"id":"48.52625,25.03731","name":"Кам'яниця","address":"Переяславська (Віталія Носкевича), 16","period":"1866—1913","color":"#B22222"}},{"type":"Feature","geometry":{"type":"Polygon","coordinates":[[[25.0370375,48.5260433],[25.0370662,48.5261375],[25.036909,48.5261786],[25.0368858,48.5261851],[25.0368537,48.5261266],[25.0369027,48.5261188],[25.0368841,48.5260649],[25.0369037,48.5260613],[25.0370375,48.5260433]]]},"properties":{"id":"48.52611,25.03698","name":"Кам'яниця","address":"Переяславська (Віталія Носкевича), 17","period":"1866—1913","color":"#B22222"}},{"type":"Feature","geometry":{"type":"Polygon","coordinates":[[[25.0370662,48.5261375],[25.0370964,48.5262307],[25.0369405,48.5262694],[25.036909,48.5261786],[25.0370662,48.5261375]]]},"properties":{"id":"48.52621,25.037","name":"Кам'яниця","address":"Переяславська (Віталія Носкевича), 19","period":"1866—1913","color":"#B22222"}},{"type":"Feature","geometry":{"type":"Polygon","coordinates":[[[25.0369017,48.5254384],[25.0372369,48.5253816],[25.037245,48.5253727],[25.0372262,48.5253318],[25.0372128,48.5253301],[25.0370572,48.5253585],[25.0370384,48.5253034],[25.0370331,48.5253034],[25.0368442,48.5253375],[25.0369017,48.5254384]]]},"properties":{"id":"48.52538,25.03695","name":"Кам'яниця","address":"Переяславська (Віталія Носкевича), 2","period":null,"color":"gold"}},{"type":"Feature","geometry":{"type":"Polygon","coordinates":[[[25.0368766,48.5262868],[25.0369405,48.5262694],[25.0370964,48.5262307],[25.0371216,48.5263087],[25.0369617,48.5263544],[25.0369265,48.5263655],[25.0369237,48.526361],[25.0368766,48.5262868]]]},"properties":{"id":"48.5263,25.03702","name":"Кам'яниця","address":"Переяславська (Віталія Носкевича), 21","period":"1866—1913","color":"#B22222"}},{"type":"Feature","geometry":{"type":"Polygon","coordinates":[[[25.0371501,48.5263968],[25.0371216,48.5263087],[25.0369617,48.5263544],[25.0369704,48.5263853],[25.0369268,48.526393],[25.0369059,48.526366],[25.0368443,48.5263831],[25.0368547,48.5263979],[25.0368961,48.5264594],[25.0370257,48.5264277],[25.0371501,48.5263968]]]},"properties":{"id":"48.52637,25.03707","name":"Кам'яниця","address":"Переяславська (Віталія Носкевича), 23","period":null,"color":"gold"}},{"type":"Feature","geometry":{"type":"Polygon","coordinates":[[[25.0369553,48.5255521],[25.0372825,48.5254935],[25.0372611,48.5254455],[25.0370975,48.5254739],[25.0370894,48.5254651],[25.037084,48.5254437],[25.037245,48.5254171],[25.0372342,48.5253851],[25.0369043,48.5254402],[25.0369553,48.5255521]]]},"properties":{"id":"48.52549,25.037","name":"Кам'яниця","address":"Переяславська (Віталія Носкевича), 4","period":null,"color":"gold"}},{"type":"Feature","geometry":{"type":"Polygon","coordinates":[[[25.0370063,48.5256463],[25.0372208,48.5256107],[25.0372128,48.5255823],[25.0371484,48.525593],[25.0371162,48.5255272],[25.0369607,48.5255539],[25.0370063,48.5256463]]]},"properties":{"id":"48.52559,25.03706","name":"Кам'яниця","address":"Переяславська (Віталія Носкевича), 6","period":null,"color":"gold"}},{"type":"Feature","geometry":{"type":"Polygon","coordinates":[[[25.0371162,48.5258594],[25.0373657,48.5258168],[25.0373523,48.5257724],[25.0372718,48.5257848],[25.0372477,48.5257209],[25.0370599,48.5257511],[25.0371162,48.5258594]]]},"properties":{"id":"48.5258,25.03717","name":"Кам'яниця","address":"Переяславська (Віталія Носкевича), 8","period":"1866—1913","color":"#B22222"}},{"type":"Feature","geometry":{"type":"Polygon","coordinates":[[[25.0394763,48.5263966],[25.0393672,48.5262083],[25.0393558,48.5261886],[25.0394298,48.5261697],[25.0395484,48.5263767],[25.0394763,48.5263966]]]},"properties":{"id":"48.52633,25.03948","name":"Кам'яниця","address":"Петра Конашевича-Сагайдачного, 12","period":"1866—1913","color":"#B22222"}},{"type":"Feature","geometry":{"type":"Polygon","coordinates":[[[25.040246,48.5261994],[25.0404626,48.5261486],[25.0403851,48.5260036],[25.0402935,48.526025],[25.0403138,48.5260627],[25.0401926,48.5260978],[25.040246,48.5261994]]]},"properties":{"id":"48.52612,25.04034","name":"Кам'яниця","address":"Петра Конашевича-Сагайдачного, 22","period":"1866—1913","color":"#B22222"}},{"type":"Feature","geometry":{"type":"Polygon","coordinates":[[[25.0391894,48.5263353],[25.0392544,48.5264514],[25.0394047,48.5264142],[25.0393391,48.5262978],[25.0392238,48.5263267],[25.0391894,48.5263353]]]},"properties":{"id":"48.52638,25.0393","name":"Кам'яниця","address":"Петра Конашевича-Сагайдачного, 6","period":"1866—1913","color":"#B22222"}},{"type":"Feature","geometry":{"type":"Polygon","coordinates":[[[25.0397597,48.5262807],[25.0396774,48.5263015],[25.0395433,48.5260681],[25.0396256,48.5260473],[25.0397597,48.5262807]]]},"properties":{"id":"48.52621,25.03967","name":"Галі міські","address":"Петра Конашевича-Сагайдачного, 6б","period":"1866—1913","color":"#B22222"}},{"type":"Feature","geometry":{"type":"Polygon","coordinates":[[[25.0373443,48.5251353],[25.037349,48.525143],[25.0373867,48.5252375],[25.0371692,48.5252754],[25.0371315,48.5251711],[25.0373202,48.5251329],[25.0373295,48.5251327],[25.0373383,48.5251334],[25.0373443,48.5251353]]]},"properties":{"id":"48.52519,25.03726","name":"Кам'яниця. Готель \"Народний\" / Готель \"Ґранд\"","address":"Площа Відродження, 1","period":"1866—1913","color":"#B22222"}},{"type":"Feature","geometry":{"type":"Polygon","coordinates":[[[25.0374793,48.5262692],[25.0375117,48.5263674],[25.0375548,48.5263607],[25.0377473,48.5263333],[25.0377207,48.5262328],[25.0374793,48.5262692]]]},"properties":{"id":"48.52631,25.03762","name":"Кам'яниця","address":"Площа Відродження, 10","period":"1866—1913","color":"#B22222"}},{"type":"Feature","geometry":{"type":"Polygon","coordinates":[[[25.0373255,48.526538],[25.0377788,48.5265007],[25.0377466,48.5263355],[25.0375588,48.5263622],[25.0375856,48.526451],[25.0375025,48.5264563],[25.0374767,48.5263735],[25.0372926,48.526402],[25.03728,48.5264038],[25.0373255,48.526538]]]},"properties":{"id":"48.52644,25.03768","name":"Кам'яниця","address":"Площа Відродження, 11","period":"1866—1913","color":"#B22222"}},{"type":"Feature","geometry":{"type":"Polygon","coordinates":[[[25.0379906,48.5266837],[25.0380872,48.5266677],[25.0380443,48.5265149],[25.0380624,48.5265109],[25.0380684,48.5265291],[25.0381187,48.5265185],[25.0380657,48.5263781],[25.0379209,48.5264119],[25.0379906,48.5266837]]]},"properties":{"id":"48.52647,25.038","name":"Готель Краківський","address":"Площа Відродження, 12","period":"1772—1865","color":"darkred"}},{"type":"Feature","geometry":{"type":"Polygon","coordinates":[[[25.0382012,48.5266324],[25.0382875,48.526617],[25.0381837,48.5263533],[25.0381757,48.5263515],[25.0380711,48.5263763],[25.0380711,48.5263834],[25.0381113,48.5264918],[25.0381301,48.5264883],[25.0381435,48.5264918],[25.0382012,48.5266324]]]},"properties":{"id":"48.52643,25.03815","name":"Готель \"Ґаліція\"","address":"Площа Відродження, 13","period":"1772—1865","color":"darkred"}},{"type":"Feature","geometry":{"type":"Polygon","coordinates":[[[25.0384303,48.5264899],[25.0382552,48.5265204],[25.038184,48.5263409],[25.0383591,48.5263105],[25.0384303,48.5264899]]]},"properties":{"id":"48.52641,25.0383","name":"Готель \"Ґаліція\"","address":"Площа Відродження, 14","period":"1772—1865","color":"darkred"}},{"type":"Feature","geometry":{"type":"Polygon","coordinates":[[[25.0386236,48.5265185],[25.03879,48.5264863],[25.0386129,48.5262538],[25.0385834,48.5262502],[25.0383635,48.5263053],[25.0384278,48.5264652],[25.0384359,48.5264669],[25.0385539,48.5264279],[25.0386236,48.5265185]]]},"properties":{"id":"48.52636,25.03854","name":"Готель \"Ґаліція\"","address":"Площа Відродження, 15","period":"1772—1865","color":"darkred"}},{"type":"Feature","geometry":{"type":"Polygon","coordinates":[[[25.0382186,48.525696],[25.0383661,48.5256551],[25.0382964,48.525577],[25.0384355,48.5255386],[25.0384868,48.5256232],[25.0386317,48.5255876],[25.038519,48.5254064],[25.0380791,48.5255379],[25.0380738,48.525561],[25.0382186,48.525696]]]},"properties":{"id":"48.52558,25.03821","name":"Кам'яниця","address":"Площа Відродження, 19","period":"1866—1913","color":"#B22222"}},{"type":"Feature","geometry":{"type":"Polygon","coordinates":[[[25.0372503,48.525378],[25.0374247,48.5253478],[25.0373871,48.5252395],[25.0371434,48.5252816],[25.0371565,48.525307],[25.0372155,48.5252999],[25.0372503,48.525378]]]},"properties":{"id":"48.5253,25.03731","name":"Кам'яниця. Готель \"Народний\" / Готель \"Ґранд\"","address":"Площа Відродження, 2","period":"1866—1913","color":"#B22222"}},{"type":"Feature","geometry":{"type":"Polygon","coordinates":[[[25.0374655,48.5254625],[25.0372827,48.5254928],[25.0372406,48.5253812],[25.0374234,48.5253509],[25.0374655,48.5254625]]]},"properties":{"id":"48.52542,25.03735","name":"Кам'яниця","address":"Площа Відродження, 3","period":"1866—1913","color":"#B22222"}},{"type":"Feature","geometry":{"type":"Polygon","coordinates":[[[25.0372959,48.5255983],[25.0375025,48.5255645],[25.0374703,48.5254668],[25.0371189,48.5255255],[25.0371377,48.5255663],[25.0372772,48.5255414],[25.0372959,48.5255983]]]},"properties":{"id":"48.52553,25.03738","name":"Кам'яниця","address":"Площа Відродження, 4","period":"1866—1913","color":"#B22222"}},{"type":"Feature","geometry":{"type":"Polygon","coordinates":[[[25.0373013,48.5257102],[25.0375373,48.5256693],[25.0375052,48.5255663],[25.0372155,48.5256143],[25.0372235,48.5256409],[25.0372772,48.5256356],[25.0373013,48.5257102]]]},"properties":{"id":"48.52563,25.0374","name":"Кам'яниця","address":"Площа Відродження, 5","period":"1866—1913","color":"#B22222"}},{"type":"Feature","geometry":{"type":"Polygon","coordinates":[[[25.0375768,48.5257796],[25.0373722,48.525814],[25.0373315,48.5257082],[25.0375362,48.5256737],[25.0375768,48.5257796]]]},"properties":{"id":"48.52574,25.03746","name":"Кам'яниця","address":"Площа Відродження, 6","period":"1866—1913","color":"#B22222"}},{"type":"Feature","geometry":{"type":"Polygon","coordinates":[[[25.037119,48.5259142],[25.0371822,48.5260854],[25.037288,48.5260688],[25.0373671,48.526057],[25.0373395,48.5259663],[25.0374316,48.5259534],[25.0374626,48.5260427],[25.0376532,48.5260143],[25.0376041,48.5258324],[25.037119,48.5259142]]]},"properties":{"id":"48.52593,25.03754","name":"Кам'яниця","address":"Площа Відродження, 7","period":"1866—1913","color":"#B22222"}},{"type":"Feature","geometry":{"type":"Polygon","coordinates":[[[25.0376923,48.5261293],[25.0376532,48.5260143],[25.0374626,48.5260427],[25.0373671,48.526057],[25.037288,48.5260688],[25.0373099,48.5261331],[25.0374519,48.5261119],[25.0374692,48.5261626],[25.0376923,48.5261293]]]},"properties":{"id":"48.52608,25.03756","name":"Кам'яниця","address":"Площа Відродження, 8","period":"1866—1913","color":"#B22222"}},{"type":"Feature","geometry":{"type":"Polygon","coordinates":[[[25.0377207,48.5262328],[25.0376923,48.5261293],[25.0374692,48.5261626],[25.0374438,48.5261673],[25.0374463,48.5261757],[25.0374602,48.5262143],[25.0374793,48.5262692],[25.0377207,48.5262328]]]},"properties":{"id":"48.52621,25.0376","name":"Кам'яниця","address":"Площа Відродження, 9","period":"1866—1913","color":"#B22222"}},{"type":"Feature","geometry":{"type":"Polygon","coordinates":[[[25.0399739,48.5247379],[25.0402663,48.5246867],[25.0402882,48.5246827],[25.040266,48.5246306],[25.0401889,48.5246458],[25.0401686,48.5245992],[25.0402517,48.5245822],[25.040241,48.5245555],[25.0401571,48.5245717],[25.0399285,48.5246158],[25.0399739,48.5247379]]]},"properties":{"id":"48.52465,25.04007","name":"Кам'яниця","address":"Площа Ринок, 22","period":null,"color":"gold"}},{"type":"Feature","geometry":{"type":"Polygon","coordinates":[[[25.0380055,48.5254882],[25.0381821,48.525434],[25.0380897,48.5253092],[25.0378836,48.5253717],[25.0380055,48.5254882]]]},"properties":{"id":"48.5254,25.03804","name":"Кам'яниця","address":"площа Тараса Шевченка, 1","period":"1866—1913","color":"#B22222"}},{"type":"Feature","geometry":{"type":"Polygon","coordinates":[[[25.0394784,48.5244458],[25.0396342,48.5244063],[25.0395349,48.5242329],[25.0395155,48.524197],[25.03948,48.5242063],[25.0395041,48.5242485],[25.0394057,48.5242754],[25.0394496,48.5243608],[25.039433,48.5243652],[25.0394784,48.5244458]]]},"properties":{"id":"48.52435,25.03951","name":"Кам'яниця","address":"площа Тараса Шевченка, 10","period":"1866—1913","color":"#B22222"}},{"type":"Feature","geometry":{"type":"Polygon","coordinates":[[[25.0393315,48.5244861],[25.0394784,48.5244458],[25.039433,48.5243652],[25.0394496,48.5243608],[25.0394057,48.5242754],[25.0393179,48.5241204],[25.039246,48.5241391],[25.0392626,48.5241657],[25.0393315,48.5242959],[25.0392414,48.5243187],[25.0393315,48.5244861]]]},"properties":{"id":"48.52438,25.03936","name":"Кам'яниця","address":"площа Тараса Шевченка, 11","period":"1866—1913","color":"#B22222"}},{"type":"Feature","geometry":{"type":"Polygon","coordinates":[[[25.0391913,48.5245241],[25.0393315,48.5244861],[25.0392414,48.5243187],[25.0390975,48.5243588],[25.0391913,48.5245241]]]},"properties":{"id":"48.52442,25.03921","name":"Кам'яниця","address":"площа Тараса Шевченка, 12","period":"1866—1913","color":"#B22222"}},{"type":"Feature","geometry":{"type":"Polygon","coordinates":[[[25.039062,48.5245622],[25.0391913,48.5245241],[25.0390975,48.5243588],[25.0390236,48.5243806],[25.0389702,48.5243964],[25.039062,48.5245622]]]},"properties":{"id":"48.52446,25.03907","name":"Кам'яниця","address":"площа Тараса Шевченка, 13","period":"1866—1913","color":"#B22222"}},{"type":"Feature","geometry":{"type":"Polygon","coordinates":[[[25.0389866,48.5245847],[25.0388901,48.5244197],[25.0389154,48.5244124],[25.0388734,48.524339],[25.0389288,48.5243251],[25.0389594,48.5243768],[25.0389702,48.5243964],[25.039062,48.5245622],[25.0389866,48.5245847]]]},"properties":{"id":"48.52449,25.03897","name":"Кам'яниця","address":"площа Тараса Шевченка, 14","period":"1866—1913","color":"#B22222"}},{"type":"Feature","geometry":{"type":"Polygon","coordinates":[[[25.0389119,48.5246057],[25.0387875,48.5243939],[25.0388323,48.5243827],[25.0388579,48.5244257],[25.0388901,48.5244197],[25.0389866,48.5245847],[25.0389119,48.5246057]]]},"properties":{"id":"48.52452,25.0389","name":"Кам'яниця","address":"площа Тараса Шевченка, 15","period":"1866—1913","color":"#B22222"}},{"type":"Feature","geometry":{"type":"Polygon","coordinates":[[[25.0387785,48.5246447],[25.0389119,48.5246057],[25.0387875,48.5243939],[25.0387785,48.5243773],[25.0387282,48.5243899],[25.0387711,48.5244644],[25.0387206,48.5244789],[25.0386819,48.5244891],[25.0387098,48.5245324],[25.0387785,48.5246447]]]},"properties":{"id":"48.52454,25.0388","name":"Кам'яниця","address":"площа Тараса Шевченка, 16","period":"1866—1913","color":"#B22222"}},{"type":"Feature","geometry":{"type":"Polygon","coordinates":[[[25.0386223,48.5246905],[25.0387785,48.5246447],[25.0387098,48.5245324],[25.0386344,48.5245553],[25.0385903,48.5244907],[25.0385847,48.5244924],[25.0385092,48.5245138],[25.0386223,48.5246905]]]},"properties":{"id":"48.5246,25.03866","name":"Кам'яниця","address":"площа Тараса Шевченка, 17","period":"1866—1913","color":"#B22222"}},{"type":"Feature","geometry":{"type":"Polygon","coordinates":[[[25.0384729,48.5247304],[25.0386223,48.5246905],[25.0385092,48.5245138],[25.0384754,48.5244607],[25.0384219,48.5244757],[25.038465,48.5245408],[25.0383728,48.5245677],[25.0384729,48.5247304]]]},"properties":{"id":"48.52463,25.03849","name":"Кам'яниця","address":"площа Тараса Шевченка, 18","period":"1866—1913","color":"#B22222"}},{"type":"Feature","geometry":{"type":"Polygon","coordinates":[[[25.0383363,48.524769],[25.0384729,48.5247304],[25.0383728,48.5245677],[25.038362,48.52455],[25.0383078,48.5245649],[25.0383457,48.5246232],[25.0383273,48.5246298],[25.0382891,48.5245678],[25.0382716,48.5245709],[25.0382331,48.524516],[25.038159,48.5245398],[25.0382186,48.5246333],[25.0382395,48.524628],[25.0383363,48.524769]]]},"properties":{"id":"48.52468,25.03836","name":"Кам'яниця","address":"площа Тараса Шевченка, 19","period":"1866—1913","color":"#B22222"}},{"type":"Feature","geometry":{"type":"Polygon","coordinates":[[[25.0380897,48.5253092],[25.0382016,48.5252753],[25.0382882,48.5254015],[25.0381821,48.525434],[25.0380897,48.5253092]]]},"properties":{"id":"48.52535,25.03818","name":"Кам'яниця","address":"площа Тараса Шевченка, 2","period":"1866—1913","color":"#B22222"}},{"type":"Feature","geometry":{"type":"Polygon","coordinates":[[[25.0380939,48.5246725],[25.0381894,48.5248172],[25.0383363,48.524769],[25.0382395,48.524628],[25.0382186,48.5246333],[25.0380939,48.5246725]]]},"properties":{"id":"48.52473,25.03822","name":"Кам'яниця","address":"площа Тараса Шевченка, 20","period":"1866—1913","color":"#B22222"}},{"type":"Feature","geometry":{"type":"Polygon","coordinates":[[[25.0380507,48.5248552],[25.0379727,48.5247169],[25.0379649,48.5247037],[25.0380939,48.5246725],[25.0381894,48.5248172],[25.0380507,48.5248552]]]},"properties":{"id":"48.52476,25.03807","name":"Кам'яниця","address":"площа Тараса Шевченка, 22","period":"1866—1913","color":"#B22222"}},{"type":"Feature","geometry":{"type":"Polygon","coordinates":[[[25.0378749,48.5249046],[25.0380507,48.5248552],[25.0379727,48.5247169],[25.0379316,48.524727],[25.0378659,48.5247432],[25.0378357,48.5246924],[25.0377707,48.5247085],[25.0377962,48.524757],[25.0378749,48.5249046]]]},"properties":{"id":"48.5248,25.03792","name":"Кам'яниця","address":"площа Тараса Шевченка, 23","period":"1866—1913","color":"#B22222"}},{"type":"Feature","geometry":{"type":"Polygon","coordinates":[[[25.0377182,48.5249388],[25.0378749,48.5249046],[25.0377962,48.524757],[25.0377305,48.524771],[25.037633,48.5247897],[25.0377182,48.5249388]]]},"properties":{"id":"48.52484,25.03775","name":"Кам'яниця","address":"площа Тараса Шевченка, 24","period":"1866—1913","color":"#B22222"}},{"type":"Feature","geometry":{"type":"Polygon","coordinates":[[[25.0375511,48.5249777],[25.0377199,48.5249417],[25.0377182,48.5249388],[25.037633,48.5247897],[25.0376274,48.524777],[25.0375822,48.5247872],[25.0376063,48.524834],[25.037528,48.5248517],[25.0375038,48.5248048],[25.0374641,48.5248125],[25.0375511,48.5249777]]]},"properties":{"id":"48.52489,25.0376","name":"Кам'яниця","address":"площа Тараса Шевченка, 25","period":"1866—1913","color":"#B22222"}},{"type":"Feature","geometry":{"type":"Polygon","coordinates":[[[25.0382882,48.5254015],[25.0383924,48.5253695],[25.0383066,48.5252427],[25.0382016,48.5252753],[25.0382882,48.5254015]]]},"properties":{"id":"48.52532,25.03829","name":"Кам'яниця","address":"площа Тараса Шевченка, 3","period":"1866—1913","color":"#B22222"}},{"type":"Feature","geometry":{"type":"Polygon","coordinates":[[[25.0383924,48.5253695],[25.0384834,48.5253415],[25.0383966,48.5252162],[25.0383066,48.5252427],[25.0383924,48.5253695]]]},"properties":{"id":"48.52529,25.0384","name":"Кам'яниця","address":"площа Тараса Шевченка, 4","period":"1866—1913","color":"#B22222"}},{"type":"Feature","geometry":{"type":"Polygon","coordinates":[[[25.0383966,48.5252162],[25.0386592,48.5251366],[25.0387464,48.5252608],[25.0384834,48.5253415],[25.0383966,48.5252162]]]},"properties":{"id":"48.52523,25.03857","name":"Кам'яниця","address":"площа Тараса Шевченка, 5","period":"1866—1913","color":"#B22222"}},{"type":"Feature","geometry":{"type":"Polygon","coordinates":[[[25.0387464,48.5252608],[25.0388716,48.5252224],[25.0387868,48.525098],[25.0386592,48.5251366],[25.0387464,48.5252608]]]},"properties":{"id":"48.52518,25.03876","name":"Кам'яниця","address":"площа Тараса Шевченка, 6","period":"1866—1913","color":"#B22222"}},{"type":"Feature","geometry":{"type":"Polygon","coordinates":[[[25.0388716,48.5252224],[25.0389925,48.5251853],[25.0389084,48.5250611],[25.0387868,48.525098],[25.0388716,48.5252224]]]},"properties":{"id":"48.52514,25.03889","name":"Кам'яниця","address":"площа Тараса Шевченка, 7","period":"1866—1913","color":"#B22222"}},{"type":"Feature","geometry":{"type":"Polygon","coordinates":[[[25.0389925,48.5251853],[25.0391413,48.5251382],[25.0392098,48.5251165],[25.0391637,48.5250535],[25.039149,48.5250333],[25.0391126,48.5249835],[25.0389009,48.525052],[25.0389084,48.5250611],[25.0389925,48.5251853]]]},"properties":{"id":"48.52508,25.03905","name":"Кам'яниця","address":"площа Тараса Шевченка, 8","period":"1866—1913","color":"#B22222"}},{"type":"Feature","geometry":{"type":"Polygon","coordinates":[[[25.035743,48.5287686],[25.0358878,48.5287527],[25.0358744,48.5287029],[25.0358932,48.5286994],[25.0359012,48.5286923],[25.0358959,48.5286585],[25.0358932,48.5286514],[25.0358583,48.5286425],[25.0358503,48.5286123],[25.0357054,48.5286301],[25.035743,48.5287686]]]},"properties":{"id":"48.52869,25.03581","name":"Будинок","address":"Подружжя Біберовичів, 4","period":null,"color":"gold"}},{"type":"Feature","geometry":{"type":"Polygon","coordinates":[[[25.0448233,48.5217569],[25.0448485,48.5216589],[25.0447207,48.5216444],[25.0446983,48.5217313],[25.0447493,48.5217371],[25.0447464,48.5217482],[25.0448233,48.5217569]]]},"properties":{"id":"48.5217,25.04477","name":"Будинок","address":"Професора Богдана Левицького, 34","period":"1919—1944","color":"#ff9b00"}},{"type":"Feature","geometry":{"type":"Polygon","coordinates":[[[25.0449965,48.5214878],[25.0450087,48.5213544],[25.0448726,48.5213489],[25.0448603,48.5214823],[25.0449116,48.5214844],[25.0449108,48.5214931],[25.0449484,48.5214947],[25.0449492,48.5214859],[25.0449965,48.5214878]]]},"properties":{"id":"48.52142,25.04493","name":"Будинок","address":"Професора Богдана Левицького, 7","period":"1919—1944","color":"#ff9b00"}},{"type":"Feature","geometry":{"type":"Polygon","coordinates":[[[25.0446785,48.5214656],[25.0447217,48.5214706],[25.0447552,48.521333],[25.0446264,48.5213188],[25.0445915,48.5214556],[25.0446362,48.5214607],[25.044634,48.5214706],[25.044676,48.5214756],[25.0446785,48.5214656]]]},"properties":{"id":"48.52141,25.04467","name":"Будинок","address":"Професора Богдана Левицького, 9","period":"1919—1944","color":"#ff9b00"}},{"type":"Feature","geometry":{"type":"Polygon","coordinates":[[[25.0551593,48.5248399],[25.0552232,48.5248327],[25.0551896,48.5247011],[25.0551247,48.5247084],[25.0551406,48.5247707],[25.0551096,48.5247741],[25.0551196,48.5248131],[25.0551516,48.5248096],[25.0551593,48.5248399]]]},"properties":{"id":"48.52477,25.05517","name":"Будинок","address":"Родини Крушельницьких","period":null,"color":"gold"}},{"type":"Feature","geometry":{"type":"Polygon","coordinates":[[[25.0545583,48.5244669],[25.054739,48.5244469],[25.0547241,48.5243881],[25.0552602,48.5243288],[25.0552755,48.5243894],[25.0554529,48.5243698],[25.0554358,48.5243019],[25.0554126,48.5243045],[25.0553582,48.5240891],[25.055373,48.5240874],[25.0553535,48.5240102],[25.0551784,48.5240296],[25.0551993,48.5241127],[25.0552215,48.5241102],[25.0552425,48.5241937],[25.0550597,48.524214],[25.0550337,48.5241111],[25.054818,48.5241349],[25.0548451,48.5242423],[25.0546656,48.5242621],[25.0546421,48.5241685],[25.0546632,48.5241662],[25.0546444,48.5240919],[25.0544679,48.5241114],[25.0544886,48.5241936],[25.0545136,48.5241909],[25.0545671,48.5244032],[25.0545429,48.5244058],[25.0545583,48.5244669]]]},"properties":{"id":"48.52429,25.05497","name":"Шпиталь міський (Вінцентівка)","address":"Родини Крушельницьких, 26","period":"1866—1913","color":"#B22222"}},{"type":"Feature","geometry":{"type":"Polygon","coordinates":[[[25.0402468,48.5212815],[25.0402523,48.5212955],[25.0401495,48.521313],[25.0401929,48.5214244],[25.0404024,48.5213885],[25.0403536,48.5212632],[25.0402468,48.5212815]]]},"properties":{"id":"48.52134,25.04027","name":"Будинок","address":"Родини Кузьми, 12","period":null,"color":"gold"}},{"type":"Feature","geometry":{"type":"Polygon","coordinates":[[[25.0390106,48.5216177],[25.0390726,48.5216146],[25.0390721,48.5216097],[25.0391446,48.5216062],[25.0391293,48.5214682],[25.038999,48.5214745],[25.0390072,48.5215487],[25.0390342,48.5215474],[25.0390374,48.5215763],[25.0390062,48.5215778],[25.0390106,48.5216177]]]},"properties":{"id":"48.52154,25.03908","name":"Будинок","address":"Родини Кузьми, 4","period":"1919—1944","color":"#ff9b00"}},{"type":"Feature","geometry":{"type":"Polygon","coordinates":[[[25.0392034,48.5213652],[25.0393344,48.5213564],[25.0393477,48.521443],[25.0392168,48.5214518],[25.0392034,48.5213652]]]},"properties":{"id":"48.5214,25.03927","name":"Будинок","address":"Родини Кузьми, 6","period":null,"color":"gold"}},{"type":"Feature","geometry":{"type":"Polygon","coordinates":[[[25.035871,48.5296687],[25.0358081,48.5295564],[25.0354901,48.5296345],[25.035517,48.5296827],[25.035553,48.5297468],[25.035651,48.5297227],[25.035722,48.5297053],[25.035871,48.5296687]]]},"properties":{"id":"48.52966,25.03567","name":"Кам'яниця","address":"Роксолани, 7","period":null,"color":"gold"}},{"type":"Feature","geometry":{"type":"Polygon","coordinates":[[[25.0455236,48.533984],[25.0454335,48.5340087],[25.0455064,48.5341253],[25.0456662,48.5340814],[25.0456031,48.5339805],[25.0455334,48.5339997],[25.0455236,48.533984]]]},"properties":{"id":"48.53405,25.04555","name":"Міщанський будинок","address":"Романа Шипайла, 11","period":"1919—1944","color":"#ff9b00"}},{"type":"Feature","geometry":{"type":"Polygon","coordinates":[[[25.0458339,48.5339172],[25.045869,48.533982],[25.0458938,48.5339761],[25.0459189,48.5340225],[25.045993,48.5340049],[25.0459328,48.5338937],[25.045905,48.5339004],[25.0459013,48.5338936],[25.0458539,48.5339049],[25.0458575,48.5339116],[25.0458339,48.5339172]]]},"properties":{"id":"48.53395,25.04591","name":"Міщанський будинок","address":"Романа Шипайла, 13","period":"1919—1944","color":"#ff9b00"}},{"type":"Feature","geometry":{"type":"Polygon","coordinates":[[[25.0443944,48.5344258],[25.0443318,48.5343142],[25.044181,48.5343513],[25.0442436,48.5344629],[25.0443944,48.5344258]]]},"properties":{"id":"48.53439,25.04428","name":"Міщанський будинок","address":"Романа Шипайла, 3","period":"1866—1913","color":"#B22222"}},{"type":"Feature","geometry":{"type":"Polygon","coordinates":[[[25.0450875,48.5340573],[25.0450937,48.5340721],[25.0450506,48.53408],[25.045102,48.534202],[25.0452072,48.5341825],[25.0452851,48.5341681],[25.0452336,48.534046],[25.0451681,48.5340581],[25.045162,48.5340436],[25.0450875,48.5340573]]]},"properties":{"id":"48.53412,25.04516","name":"Міщанський будинок","address":"Романа Шипайла, 9","period":"1866—1913","color":"#B22222"}},{"type":"Feature","geometry":{"type":"Polygon","coordinates":[[[25.0419515,48.5266872],[25.0421453,48.5266579],[25.0422374,48.5269254],[25.0420435,48.5269546],[25.0419515,48.5266872]]]},"properties":{"id":"48.52674,25.04209","name":"Висока Божниця (синагога)","address":"Романа Шухевича","period":null,"color":"gold"}},{"type":"Feature","geometry":{"type":"Polygon","coordinates":[[[25.0421325,48.5270526],[25.0421883,48.5271683],[25.042204,48.5272012],[25.0422185,48.5271982],[25.0423608,48.5271663],[25.0422726,48.5270363],[25.042244,48.5270287],[25.0421325,48.5270526]]]},"properties":{"id":"48.52711,25.04224","name":"Кам'яниця","address":"Романа Шухевича, 47","period":null,"color":"gold"}},{"type":"Feature","geometry":{"type":"Polygon","coordinates":[[[25.0421226,48.5275402],[25.0421631,48.5276145],[25.0424002,48.5275578],[25.0424159,48.5275868],[25.0425722,48.5275495],[25.0425126,48.5274401],[25.0424811,48.5274477],[25.0424724,48.5274317],[25.0424003,48.5274489],[25.0424084,48.5274638],[25.042129,48.5275306],[25.0421226,48.5275402]]]},"properties":{"id":"48.52756,25.04251","name":"Кам'яниця","address":"Романа Шухевича, 55","period":null,"color":"gold"}},{"type":"Feature","geometry":{"type":"Polygon","coordinates":[[[25.0424443,48.5277031],[25.0426316,48.5276583],[25.0426639,48.5277177],[25.0423945,48.527782],[25.0423622,48.5277227],[25.0424443,48.5277031]]]},"properties":{"id":"48.52771,25.04258","name":"Кам'яниця","address":"Романа Шухевича, 57","period":null,"color":"gold"}},{"type":"Feature","geometry":{"type":"Polygon","coordinates":[[[25.042806,48.5273695],[25.0430332,48.5273036],[25.042993,48.5272166],[25.0429205,48.5272325],[25.0429473,48.5272895],[25.0428739,48.5273095],[25.0428432,48.5272626],[25.0427352,48.5272933],[25.0427574,48.5273285],[25.0427416,48.5273334],[25.0427659,48.5273723],[25.0428014,48.5273623],[25.042806,48.5273695]]]},"properties":{"id":"48.52732,25.04282","name":"Будинок","address":"Романа Шухевича, 66","period":null,"color":"gold"}},{"type":"Feature","geometry":{"type":"Polygon","coordinates":[[[25.0430265,48.5278233],[25.0431997,48.5277753],[25.0431565,48.5277067],[25.0431005,48.5277218],[25.0430577,48.527653],[25.0429509,48.5276827],[25.0429683,48.5277091],[25.0429519,48.5277146],[25.0430265,48.5278233]]]},"properties":{"id":"48.52774,25.04305","name":"Будинок Кредитної спілки","address":"Романа Шухевича, 72","period":null,"color":"gold"}},{"type":"Feature","geometry":{"type":"Polygon","coordinates":[[[25.043112,48.5278339],[25.0433295,48.5281564],[25.0435013,48.5281057],[25.0432836,48.5277823],[25.043112,48.5278339]]]},"properties":{"id":"48.52797,25.0433","name":"Юдейський шпиталь","address":"Романа Шухевича, 76","period":"1772—1865","color":"darkred"}},{"type":"Feature","geometry":{"type":"Polygon","coordinates":[[[25.043525,48.5282788],[25.043379,48.5283249],[25.0434171,48.5283753],[25.0434031,48.5283794],[25.0434408,48.5284352],[25.0434581,48.5284301],[25.0434842,48.5284686],[25.0435334,48.528454],[25.0435428,48.5284675],[25.0436331,48.5284386],[25.043587,48.5283723],[25.043525,48.5282788]]]},"properties":{"id":"48.52838,25.04349","name":"Цегляна вілла","address":"Романа Шухевича, 78","period":"1866—1913","color":"#B22222"}},{"type":"Feature","geometry":{"type":"Polygon","coordinates":[[[25.0440315,48.5285178],[25.0439007,48.5283492],[25.0437252,48.5284089],[25.0437461,48.5284358],[25.0437365,48.5284391],[25.0437635,48.528474],[25.0437724,48.528471],[25.0437954,48.5285006],[25.0437262,48.5285241],[25.0437089,48.5285018],[25.0436156,48.5285335],[25.0437049,48.5286486],[25.0437956,48.5286178],[25.04379,48.5286106],[25.0440159,48.5285338],[25.0440315,48.5285178]]]},"properties":{"id":"48.52852,25.04385","name":"Повітова рада","address":"Романа Шухевича, 80","period":"1866—1913","color":"#B22222"}},{"type":"Feature","geometry":{"type":"Polygon","coordinates":[[[25.0451671,48.5303776],[25.045183,48.5304135],[25.0451662,48.5304168],[25.0452092,48.5305139],[25.0453765,48.5304814],[25.0453176,48.5303483],[25.0451671,48.5303776]]]},"properties":{"id":"48.53044,25.04527","name":"Будинок","address":"Святослава Гординського, 11","period":null,"color":"gold"}},{"type":"Feature","geometry":{"type":"Polygon","coordinates":[[[25.0448632,48.5302928],[25.0451126,48.5302417],[25.0451103,48.5302369],[25.0451844,48.5302217],[25.0452084,48.5302731],[25.0452859,48.5302572],[25.0452514,48.5301835],[25.0452782,48.530178],[25.0452571,48.5301327],[25.0452309,48.530138],[25.0452155,48.5301052],[25.0451154,48.5301257],[25.0451372,48.5301723],[25.0450723,48.5301856],[25.0450766,48.5301947],[25.0449548,48.5302197],[25.0449434,48.5301952],[25.0448659,48.5302111],[25.0448723,48.5302248],[25.044835,48.5302324],[25.0448632,48.5302928]]]},"properties":{"id":"48.53018,25.0452","name":"Будинок","address":"Святослава Гординського, 9","period":"1919—1944","color":"#ff9b00"}},{"type":"Feature","geometry":{"type":"Polygon","coordinates":[[[25.0569508,48.532618],[25.057064,48.5325865],[25.0570375,48.5325448],[25.0570862,48.5325312],[25.0570546,48.5324813],[25.0570057,48.5324949],[25.0570015,48.5324883],[25.0569159,48.5325121],[25.0569267,48.5325292],[25.0568622,48.5325471],[25.0569057,48.5326156],[25.0569428,48.5326053],[25.0569508,48.532618]]]},"properties":{"id":"48.53256,25.05698","name":"Будинок","address":"Семена Палія, 15","period":null,"color":"gold"}},{"type":"Feature","geometry":{"type":"Polygon","coordinates":[[[25.056838,48.5332035],[25.0569991,48.5331585],[25.0569309,48.5330513],[25.0567698,48.5330962],[25.056838,48.5332035]]]},"properties":{"id":"48.53313,25.05688","name":"Будинок","address":"Семена Палія, 16","period":null,"color":"gold"}},{"type":"Feature","geometry":{"type":"Polygon","coordinates":[[[25.0488143,48.544104],[25.0487784,48.5440558],[25.0487652,48.5440601],[25.0487317,48.5440152],[25.0486007,48.544058],[25.0486958,48.5441855],[25.0488253,48.5441432],[25.0487996,48.5441088],[25.0488143,48.544104]]]},"properties":{"id":"48.54409,25.04872","name":"Будинок","address":"Симона Петлюри, 103","period":null,"color":"gold"}},{"type":"Feature","geometry":{"type":"Polygon","coordinates":[[[25.04121,48.5316676],[25.0413527,48.5316285],[25.0413453,48.5316167],[25.041358,48.5316133],[25.0413211,48.5315542],[25.0412369,48.5315772],[25.0412075,48.5315303],[25.0412716,48.5315127],[25.0412653,48.5315027],[25.0412861,48.531497],[25.0412403,48.5314237],[25.0411674,48.5314437],[25.0411582,48.5314291],[25.0410627,48.5314553],[25.0411702,48.5316273],[25.0411827,48.5316239],[25.04121,48.5316676]]]},"properties":{"id":"48.53149,25.04118","name":"Польське спортивне товариство \"Сокіл\"","address":"Симона Петлюри, 11","period":"1866—1913","color":"#B22222"}},{"type":"Feature","geometry":{"type":"Polygon","coordinates":[[[25.0502242,48.5459239],[25.0503503,48.5458706],[25.0504254,48.545812],[25.0503691,48.5457801],[25.0503744,48.5457694],[25.0503449,48.5457534],[25.0503315,48.5457588],[25.0502698,48.5457215],[25.0501947,48.5457783],[25.0502805,48.545828],[25.0502752,48.5458351],[25.0501759,48.545876],[25.0502242,48.5459239]]]},"properties":{"id":"48.5458,25.05031","name":"Будинок","address":"Симона Петлюри, 115","period":null,"color":"gold"}},{"type":"Feature","geometry":{"type":"Polygon","coordinates":[[[25.0412627,48.5318496],[25.0412989,48.5318399],[25.0413231,48.5318792],[25.0412969,48.5318863],[25.0413255,48.5319329],[25.0415108,48.531883],[25.0413947,48.5316942],[25.0412332,48.5317377],[25.0412734,48.531803],[25.0412397,48.5318121],[25.0412627,48.5318496]]]},"properties":{"id":"48.53181,25.04138","name":"Кам'яниця","address":"Симона Петлюри, 13","period":null,"color":"gold"}},{"type":"Feature","geometry":{"type":"Polygon","coordinates":[[[25.0413531,48.5320355],[25.0413555,48.5320394],[25.0413268,48.5320473],[25.0413575,48.5320962],[25.0413865,48.5320878],[25.0414177,48.5321373],[25.0413992,48.5321429],[25.0414244,48.5321799],[25.0415787,48.5321171],[25.0415484,48.5320739],[25.0415777,48.5320655],[25.0415512,48.5320242],[25.0415231,48.5320324],[25.041498,48.5319942],[25.0413531,48.5320355]]]},"properties":{"id":"48.53208,25.04147","name":"Кам'яниця","address":"Симона Петлюри, 15","period":null,"color":"gold"}},{"type":"Feature","geometry":{"type":"Polygon","coordinates":[[[25.0417178,48.5312091],[25.0418856,48.5311105],[25.0417894,48.5310388],[25.0418386,48.5310099],[25.0418285,48.5310023],[25.0418096,48.5310134],[25.041791,48.5309995],[25.0417755,48.5310086],[25.0417572,48.5309949],[25.0415735,48.5311028],[25.041602,48.5311242],[25.0415892,48.5311317],[25.0416148,48.5311508],[25.0415963,48.5311616],[25.0416327,48.5311888],[25.0416651,48.5311698],[25.0417178,48.5312091]]]},"properties":{"id":"48.5311,25.04173","name":"Вілла","address":"Симона Петлюри, 16","period":null,"color":"gold"}},{"type":"Feature","geometry":{"type":"Polygon","coordinates":[[[25.04158,48.5323],[25.0417156,48.5322355],[25.0415787,48.5321171],[25.0414244,48.5321799],[25.0414869,48.5322383],[25.041505,48.53223],[25.04158,48.5323]]]},"properties":{"id":"48.53221,25.04159","name":"Будинок","address":"Симона Петлюри, 17","period":"1919—1944","color":"#ff9b00"}},{"type":"Feature","geometry":{"type":"Polygon","coordinates":[[[25.0417258,48.5314598],[25.0416997,48.5314151],[25.041716,48.5314109],[25.0417013,48.5313857],[25.041544,48.531426],[25.0415647,48.5314615],[25.0415402,48.5314678],[25.041572,48.5315222],[25.0416007,48.5315149],[25.041625,48.5315567],[25.0417614,48.5315218],[25.0417546,48.53151],[25.0417258,48.5314598]]]},"properties":{"id":"48.53147,25.04164","name":"Вілла","address":"Симона Петлюри, 20","period":null,"color":"gold"}},{"type":"Feature","geometry":{"type":"Polygon","coordinates":[[[25.0418023,48.5318567],[25.0420281,48.53179],[25.0419282,48.5316416],[25.0417685,48.5316887],[25.0417948,48.5317278],[25.0417287,48.5317473],[25.0418023,48.5318567]]]},"properties":{"id":"48.53174,25.04188","name":"Вілла","address":"Симона Петлюри, 22","period":"1866—1913","color":"#B22222"}},{"type":"Feature","geometry":{"type":"Polygon","coordinates":[[[25.042125,48.5327047],[25.0422708,48.5328067],[25.0423602,48.5327507],[25.0422145,48.5326487],[25.042125,48.5327047]]]},"properties":{"id":"48.53273,25.04225","name":"Садиба","address":"Симона Петлюри, 23","period":null,"color":"gold"}},{"type":"Feature","geometry":{"type":"Polygon","coordinates":[[[25.0420572,48.5321854],[25.042236,48.532131],[25.042179,48.5320489],[25.0422034,48.5320415],[25.0421745,48.532],[25.0420885,48.5320262],[25.0420603,48.5319856],[25.0419286,48.5320257],[25.0419639,48.5320766],[25.0419562,48.532079],[25.0420064,48.5321514],[25.0420289,48.5321446],[25.0420572,48.5321854]]]},"properties":{"id":"48.53208,25.04206","name":"Будинок","address":"Симона Петлюри, 24","period":null,"color":"gold"}},{"type":"Feature","geometry":{"type":"Polygon","coordinates":[[[25.0422961,48.5324291],[25.0424727,48.5323514],[25.0424236,48.5323025],[25.0423562,48.5323322],[25.0422381,48.5322145],[25.0421311,48.5322616],[25.0421493,48.5322797],[25.0421234,48.5322911],[25.042167,48.5323346],[25.0421761,48.5323306],[25.0422698,48.5324239],[25.0422845,48.5324175],[25.0422961,48.5324291]]]},"properties":{"id":"48.53235,25.0423","name":"Будинок","address":"Симона Петлюри, 26","period":null,"color":"gold"}},{"type":"Feature","geometry":{"type":"Polygon","coordinates":[[[25.0434329,48.5346588],[25.0435939,48.5346127],[25.0435714,48.5345783],[25.0435878,48.5345736],[25.0435532,48.5345207],[25.0435371,48.5345253],[25.043518,48.534496],[25.0433566,48.5345421],[25.0433825,48.5345817],[25.0433567,48.5345891],[25.0433785,48.5346225],[25.0434044,48.5346151],[25.0434329,48.5346588]]]},"properties":{"id":"48.53458,25.04349","name":"Будинок","address":"Симона Петлюри, 27","period":null,"color":"gold"}},{"type":"Feature","geometry":{"type":"Polygon","coordinates":[[[25.0435454,48.5347754],[25.043577,48.5348234],[25.0437137,48.5347841],[25.0436777,48.5347292],[25.0436892,48.5347259],[25.0436421,48.5346541],[25.0434922,48.5346973],[25.0435134,48.5347297],[25.0434848,48.5347379],[25.043515,48.5347841],[25.0435454,48.5347754]]]},"properties":{"id":"48.53474,25.0436","name":"Будинок","address":"Симона Петлюри, 29","period":null,"color":"gold"}},{"type":"Feature","geometry":{"type":"Polygon","coordinates":[[[25.0437416,48.5348363],[25.043599,48.5348751],[25.043675,48.5349976],[25.0438176,48.5349588],[25.0437416,48.5348363]]]},"properties":{"id":"48.53492,25.04371","name":"Будинок","address":"Симона Петлюри, 31","period":null,"color":"gold"}},{"type":"Feature","geometry":{"type":"Polygon","coordinates":[[[25.0439472,48.5351712],[25.0439018,48.5351006],[25.0437463,48.5351444],[25.0438303,48.5352753],[25.0440007,48.5352273],[25.043962,48.535167],[25.0439472,48.5351712]]]},"properties":{"id":"48.5352,25.04387","name":"Будинок","address":"Симона Петлюри, 33","period":null,"color":"gold"}},{"type":"Feature","geometry":{"type":"Polygon","coordinates":[[[25.0431921,48.5333106],[25.043172,48.5332777],[25.0431385,48.5332777],[25.0431224,48.533252],[25.0431472,48.5332364],[25.0431231,48.5331965],[25.0431827,48.5331801],[25.0431948,48.533153],[25.0432324,48.5331441],[25.0432605,48.5331561],[25.0433222,48.5331405],[25.0433229,48.5331405],[25.0433933,48.5332578],[25.0433215,48.5332773],[25.0433303,48.5332933],[25.0432927,48.5333035],[25.043282,48.533288],[25.0431935,48.5333106],[25.0431921,48.5333106]]]},"properties":{"id":"48.53323,25.04326","name":"Вілла","address":"Симона Петлюри, 34","period":"1919—1944","color":"#ff9b00"}},{"type":"Feature","geometry":{"type":"Polygon","coordinates":[[[25.0441112,48.5353482],[25.0440871,48.5353119],[25.0439127,48.5353627],[25.0439387,48.5354019],[25.0439165,48.5354083],[25.0439655,48.5354822],[25.0441288,48.5354346],[25.0440979,48.5353881],[25.0441115,48.5353841],[25.0440914,48.5353539],[25.0441112,48.5353482]]]},"properties":{"id":"48.5354,25.04401","name":"Будинок","address":"Симона Петлюри, 35","period":null,"color":"gold"}},{"type":"Feature","geometry":{"type":"Polygon","coordinates":[[[25.0444169,48.5359374],[25.0443943,48.5359431],[25.0443556,48.5358755],[25.0441762,48.5359205],[25.0442494,48.5360485],[25.0444515,48.5359978],[25.0444169,48.5359374]]]},"properties":{"id":"48.53596,25.0443","name":"Будинок","address":"Симона Петлюри, 39","period":null,"color":"gold"}},{"type":"Feature","geometry":{"type":"Polygon","coordinates":[[[25.0435564,48.5339133],[25.0435029,48.5339276],[25.0435655,48.5340302],[25.043632,48.5340124],[25.0436433,48.5340309],[25.0437073,48.5340138],[25.0436961,48.5339953],[25.0437466,48.5339818],[25.0436836,48.5338785],[25.0436262,48.5338939],[25.0435958,48.5338875],[25.0435716,48.5338934],[25.0435564,48.5339133]]]},"properties":{"id":"48.53396,25.04363","name":"Садиба","address":"Симона Петлюри, 40","period":null,"color":"gold"}},{"type":"Feature","geometry":{"type":"Polygon","coordinates":[[[25.0444219,48.5361788],[25.0444616,48.5362488],[25.0445166,48.5362594],[25.0445343,48.5362947],[25.0446574,48.5362688],[25.0445934,48.5361443],[25.0445901,48.5361415],[25.0445855,48.5361388],[25.0445792,48.5361369],[25.0445731,48.5361361],[25.0445674,48.536136],[25.0444219,48.5361788]]]},"properties":{"id":"48.5362,25.04455","name":"Будинок","address":"Симона Петлюри, 41","period":"1919—1944","color":"#ff9b00"}},{"type":"Feature","geometry":{"type":"Polygon","coordinates":[[[25.0445506,48.5363951],[25.0445464,48.5363859],[25.0444962,48.5363961],[25.0445393,48.5364888],[25.0445458,48.5364875],[25.0445579,48.5365135],[25.0447448,48.5364755],[25.0447276,48.5364383],[25.0447133,48.5364412],[25.0446976,48.5364075],[25.0447103,48.5364049],[25.0446924,48.5363663],[25.0445506,48.5363951]]]},"properties":{"id":"48.53644,25.04462","name":"Будинок","address":"Симона Петлюри, 43","period":"1919—1944","color":"#ff9b00"}},{"type":"Feature","geometry":{"type":"Polygon","coordinates":[[[25.0439178,48.5345446],[25.0439291,48.5345417],[25.0439525,48.5345807],[25.0440163,48.5345639],[25.0440253,48.5345788],[25.0440972,48.53456],[25.0440036,48.5344037],[25.0439292,48.5344232],[25.0439451,48.5344498],[25.0438862,48.5344652],[25.0439101,48.534505],[25.0438963,48.5345086],[25.0439178,48.5345446]]]},"properties":{"id":"48.53451,25.04399","name":"Будинок","address":"Симона Петлюри, 46","period":"1919—1944","color":"#ff9b00"}},{"type":"Feature","geometry":{"type":"Polygon","coordinates":[[[25.0449213,48.5369879],[25.0449109,48.5369667],[25.0448933,48.5369704],[25.044885,48.5369535],[25.0447593,48.5369803],[25.0448016,48.5370672],[25.0449283,48.5370402],[25.0449046,48.5369914],[25.0449213,48.5369879]]]},"properties":{"id":"48.53701,25.04484","name":"Будинок","address":"Симона Петлюри, 47","period":null,"color":"gold"}},{"type":"Feature","geometry":{"type":"Polygon","coordinates":[[[25.0449673,48.5371137],[25.0448206,48.5371419],[25.0448826,48.5372837],[25.0450294,48.5372555],[25.0449673,48.5371137]]]},"properties":{"id":"48.5372,25.04492","name":"Будинок","address":"Симона Петлюри, 49","period":null,"color":"gold"}},{"type":"Feature","geometry":{"type":"Polygon","coordinates":[[[25.0406928,48.5308682],[25.0408539,48.5308255],[25.0408275,48.5307818],[25.0408853,48.5307664],[25.0408599,48.5307245],[25.0408065,48.5307386],[25.0407807,48.5306959],[25.0406151,48.5307398],[25.0406928,48.5308682]]]},"properties":{"id":"48.53079,25.04073","name":"Кам'яниця","address":"Симона Петлюри, 5","period":null,"color":"gold"}},{"type":"Feature","geometry":{"type":"Polygon","coordinates":[[[25.0450641,48.5373709],[25.0450895,48.5373651],[25.04507,48.5373275],[25.0450443,48.5373333],[25.0450291,48.5373041],[25.0448555,48.5373437],[25.0448881,48.5374064],[25.0449683,48.5373881],[25.0449935,48.5374366],[25.0450871,48.5374152],[25.0450641,48.5373709]]]},"properties":{"id":"48.53737,25.04501","name":"Будинок","address":"Симона Петлюри, 51","period":null,"color":"gold"}},{"type":"Feature","geometry":{"type":"Polygon","coordinates":[[[25.0451743,48.5375666],[25.0451198,48.5374667],[25.0450052,48.5374941],[25.0450528,48.5375814],[25.0450186,48.5375896],[25.0450431,48.5376344],[25.0451817,48.5376012],[25.0451785,48.5375953],[25.0452051,48.537589],[25.0451907,48.5375626],[25.0451743,48.5375666]]]},"properties":{"id":"48.53754,25.04509","name":"Вілла","address":"Симона Петлюри, 53","period":null,"color":"gold"}},{"type":"Feature","geometry":{"type":"Polygon","coordinates":[[[25.0447253,48.5357384],[25.0449406,48.5356834],[25.0449352,48.535674],[25.044958,48.5356682],[25.0449388,48.5356351],[25.0449868,48.5356229],[25.0449478,48.5355559],[25.0448027,48.535593],[25.0447694,48.5355359],[25.0447206,48.5355483],[25.0447096,48.5355295],[25.0446173,48.5355531],[25.0447253,48.5357384]]]},"properties":{"id":"48.53564,25.04475","name":"Вілла","address":"Симона Петлюри, 54","period":null,"color":"gold"}},{"type":"Feature","geometry":{"type":"Polygon","coordinates":[[[25.0448799,48.5359876],[25.0453136,48.5358636],[25.0452781,48.5358092],[25.0452379,48.5358206],[25.045225,48.5358008],[25.0451702,48.5358165],[25.0451811,48.5358332],[25.0450489,48.5358709],[25.0450202,48.535827],[25.0448136,48.535886],[25.0448799,48.5359876]]]},"properties":{"id":"48.53591,25.04493","name":"Будинок","address":"Симона Петлюри, 56","period":null,"color":"gold"}},{"type":"Feature","geometry":{"type":"Polygon","coordinates":[[[25.0451367,48.5380176],[25.0452958,48.5379759],[25.0452631,48.5379212],[25.0452295,48.53793],[25.0452069,48.5378923],[25.0450814,48.5379252],[25.0451367,48.5380176]]]},"properties":{"id":"48.53795,25.04517","name":"Будинок","address":"Симона Петлюри, 57","period":null,"color":"gold"}},{"type":"Feature","geometry":{"type":"Polygon","coordinates":[[[25.0449245,48.5360892],[25.0450764,48.536045],[25.045016,48.535954],[25.0448842,48.5359923],[25.0449004,48.5360168],[25.0448803,48.5360226],[25.0449245,48.5360892]]]},"properties":{"id":"48.53602,25.04497","name":"Будинок","address":"Симона Петлюри, 58","period":null,"color":"gold"}},{"type":"Feature","geometry":{"type":"Polygon","coordinates":[[[25.0454754,48.5385445],[25.0454617,48.5385239],[25.0455644,48.5384939],[25.045506,48.5384064],[25.0453578,48.5384498],[25.045387,48.5384936],[25.0454298,48.5385578],[25.0454754,48.5385445]]]},"properties":{"id":"48.53847,25.04546","name":"Будинок","address":"Симона Петлюри, 61","period":null,"color":"gold"}},{"type":"Feature","geometry":{"type":"Polygon","coordinates":[[[25.0451425,48.5366356],[25.0453949,48.536582],[25.0453767,48.5365443],[25.0453975,48.5365399],[25.0453666,48.536476],[25.0452717,48.5364961],[25.0452525,48.5364566],[25.0451689,48.5364743],[25.045189,48.5365158],[25.0450758,48.5365399],[25.0451024,48.5365948],[25.0451208,48.5365909],[25.0451425,48.5366356]]]},"properties":{"id":"48.53656,25.04524","name":"Будинок","address":"Симона Петлюри, 64","period":null,"color":"gold"}},{"type":"Feature","geometry":{"type":"Polygon","coordinates":[[[25.0459831,48.5391251],[25.0458233,48.5391745],[25.0460779,48.5395352],[25.0462376,48.5394858],[25.0459831,48.5391251]]]},"properties":{"id":"48.53935,25.04604","name":"Кам'яниця","address":"Симона Петлюри, 65","period":null,"color":"gold"}},{"type":"Feature","geometry":{"type":"Polygon","coordinates":[[[25.0453041,48.5369051],[25.045586,48.5368527],[25.0455381,48.5367398],[25.0452562,48.5367923],[25.0453041,48.5369051]]]},"properties":{"id":"48.53681,25.04541","name":"Кам'яниця","address":"Симона Петлюри, 66","period":null,"color":"gold"}},{"type":"Feature","geometry":{"type":"Polygon","coordinates":[[[25.0464802,48.5399469],[25.0465102,48.5399367],[25.0464754,48.5398919],[25.0464442,48.5399025],[25.0464152,48.5398653],[25.0462542,48.5399202],[25.0463155,48.539999],[25.0463467,48.5399884],[25.046401,48.5400582],[25.046532,48.5400135],[25.0464802,48.5399469]]]},"properties":{"id":"48.53995,25.04642","name":"Вілла","address":"Симона Петлюри, 71","period":null,"color":"gold"}},{"type":"Feature","geometry":{"type":"Polygon","coordinates":[[[25.0463997,48.5404181],[25.046508,48.5404337],[25.0465221,48.5403912],[25.0465407,48.5403939],[25.0465511,48.5403622],[25.0465334,48.5403596],[25.0465495,48.5403109],[25.046443,48.5402956],[25.0464298,48.5403356],[25.0464056,48.5403321],[25.0463892,48.5403817],[25.0464107,48.5403848],[25.0463997,48.5404181]]]},"properties":{"id":"48.54038,25.04648","name":"Будинок","address":"Симона Петлюри, 73","period":null,"color":"gold"}},{"type":"Feature","geometry":{"type":"Polygon","coordinates":[[[25.0469637,48.5419929],[25.0472832,48.5418628],[25.0471357,48.5416355],[25.0469774,48.5416799],[25.0470632,48.5418148],[25.0468712,48.5418911],[25.0469637,48.5419929]]]},"properties":{"id":"48.54182,25.04715","name":"Євангелістська школа (Багінсберг)","address":"Симона Петлюри, 85","period":"1772—1865","color":"darkred"}},{"type":"Feature","geometry":{"type":"Polygon","coordinates":[[[25.0410471,48.5312135],[25.0410149,48.5311663],[25.0409485,48.5311862],[25.0409365,48.5311686],[25.0407872,48.5312132],[25.0408553,48.5313132],[25.0409188,48.5312942],[25.0409266,48.5313056],[25.0410706,48.5312626],[25.0410389,48.531216],[25.0410471,48.5312135]]]},"properties":{"id":"48.53124,25.04092","name":"Вілла","address":"Симона Петлюри, 9","period":"1919—1944","color":"#ff9b00"}},{"type":"Feature","geometry":{"type":"Polygon","coordinates":[[[25.0479414,48.5416925],[25.0479765,48.5416994],[25.0479906,48.5417234],[25.0479757,48.5417427],[25.0479577,48.5417481],[25.0479782,48.5417781],[25.0479314,48.5417922],[25.0479343,48.5417964],[25.0476403,48.5418846],[25.0476373,48.5418803],[25.0475802,48.5418974],[25.0475595,48.5418672],[25.0475317,48.5418266],[25.0475051,48.5417876],[25.0475627,48.5417704],[25.0475602,48.5417666],[25.0477952,48.5416959],[25.0478567,48.5416779],[25.0478593,48.5416817],[25.0479042,48.5416686],[25.0479241,48.5416977],[25.0479414,48.5416925]]]},"properties":{"id":"48.54179,25.04772","name":"Євангелістська кірха (Баґінсберґ)","address":"Симона Петлюри, 94","period":"1866—1913","color":"#B22222"}},{"type":"Feature","geometry":{"type":"Polygon","coordinates":[[[25.0481476,48.5436226],[25.0483983,48.5435355],[25.0483418,48.5434642],[25.0482088,48.5435104],[25.0482328,48.5435408],[25.0481151,48.5435816],[25.0481476,48.5436226]]]},"properties":{"id":"48.54352,25.0483","name":"Будинок","address":"Симона Петлюри, 95","period":null,"color":"gold"}},{"type":"Feature","geometry":{"type":"Polygon","coordinates":[[[25.0567263,48.5360867],[25.0570474,48.535895],[25.0569273,48.5358172],[25.0568277,48.5358781],[25.0567949,48.5358542],[25.0567386,48.5358882],[25.0567712,48.5359119],[25.0567377,48.5359321],[25.056705,48.5359083],[25.0566535,48.5359375],[25.0566848,48.5359615],[25.056614,48.5360034],[25.0567263,48.5360867]]]},"properties":{"id":"48.53595,25.05682","name":"Акційна Спілка: Фабрика машин і чавунного литва братів Біскупських","address":"Січових Стрільців, 121/5","period":"1866—1913","color":"#B22222"}},{"type":"Feature","geometry":{"type":"Polygon","coordinates":[[[25.0432552,48.5309963],[25.0431682,48.5311132],[25.0433386,48.5311702],[25.0434244,48.5310577],[25.0432552,48.5309963]]]},"properties":{"id":"48.53109,25.0433","name":"Кам'яниця","address":"Січових Стрільців, 15","period":null,"color":"gold"}},{"type":"Feature","geometry":{"type":"Polygon","coordinates":[[[25.0435879,48.5311159],[25.0434244,48.5310577],[25.0433386,48.5311702],[25.0433115,48.5312044],[25.0433282,48.5312306],[25.0433612,48.5312421],[25.043408,48.531183],[25.0435096,48.5312163],[25.0435879,48.5311159]]]},"properties":{"id":"48.53114,25.04346","name":"Кам'яниця","address":"Січових Стрільців, 17","period":null,"color":"gold"}},{"type":"Feature","geometry":{"type":"Polygon","coordinates":[[[25.0439486,48.5309466],[25.0437351,48.5308683],[25.0436541,48.5309752],[25.0439937,48.5310915],[25.0440617,48.5310038],[25.0439219,48.5307217],[25.0438455,48.5307359],[25.0438973,48.5308418],[25.0438828,48.5308449],[25.0438805,48.5308454],[25.0438991,48.5308831],[25.0439165,48.5308796],[25.0439486,48.5309466]]]},"properties":{"id":"48.53097,25.04383","name":"Кам'яниця","address":"Січових Стрільців, 18","period":null,"color":"gold"}},{"type":"Feature","geometry":{"type":"Polygon","coordinates":[[[25.0411252,48.5298791],[25.0412041,48.5299457],[25.0412948,48.5300189],[25.0411435,48.5301019],[25.0409941,48.530018],[25.0409597,48.5299904],[25.040926,48.5299507],[25.0411252,48.5298791]]]},"properties":{"id":"48.53,25.04111","name":"Кам'яниця","address":"Січових Стрільців, 2","period":"1866—1913","color":"#B22222"}},{"type":"Feature","geometry":{"type":"Polygon","coordinates":[[[25.0444801,48.531445],[25.044463,48.5314668],[25.0444142,48.531529],[25.0443796,48.5315732],[25.0447061,48.5316854],[25.044926,48.5317609],[25.0450264,48.5316327],[25.0444801,48.531445]]]},"properties":{"id":"48.53159,25.0447","name":"Механічна ткальня Загера","address":"Січових стрільців, 21","period":"1866—1913","color":"#B22222"}},{"type":"Feature","geometry":{"type":"Polygon","coordinates":[[[25.0446928,48.5313111],[25.0446881,48.5313004],[25.0448196,48.5312445],[25.0448906,48.5313013],[25.0449282,48.53132],[25.0449054,48.5313444],[25.0448692,48.5313311],[25.0448397,48.5313622],[25.0446928,48.5313111]]]},"properties":{"id":"48.5313,25.0448","name":"Будинок","address":"Січових Стрільців, 26","period":null,"color":"gold"}},{"type":"Feature","geometry":{"type":"Polygon","coordinates":[[[25.0458416,48.5316659],[25.0460632,48.5317408],[25.0461464,48.5316329],[25.0461044,48.5316187],[25.0459654,48.5315717],[25.0459248,48.531558],[25.0458416,48.5316659]]]},"properties":{"id":"48.53165,25.04599","name":"Кам'яниця","address":"Січових Стрільців, 28","period":"1772—1865","color":"darkred"}},{"type":"Feature","geometry":{"type":"Polygon","coordinates":[[[25.0472247,48.5319285],[25.0471029,48.5318924],[25.0470815,48.5319241],[25.0471076,48.5319318],[25.0470889,48.5319595],[25.0469985,48.5319327],[25.0469196,48.5320494],[25.0471652,48.5321222],[25.0472449,48.5320043],[25.047155,48.5319776],[25.0471717,48.5319529],[25.0472021,48.5319619],[25.0472247,48.5319285]]]},"properties":{"id":"48.53202,25.04708","name":"Школа ім. Т. Костюшка (4-класна, мішана)","address":"Січових Стрільців, 30","period":null,"color":"gold"}},{"type":"Feature","geometry":{"type":"Polygon","coordinates":[[[25.0416808,48.5301288],[25.041665,48.5301389],[25.0413389,48.5300267],[25.0412465,48.5301364],[25.0417654,48.5303179],[25.0419231,48.530209],[25.0418309,48.5301742],[25.0416808,48.5301288]]]},"properties":{"id":"48.53014,25.04143","name":"Кам'яниця","address":"Січових Стрільців, 4","period":"1866—1913","color":"#B22222"}},{"type":"Feature","geometry":{"type":"Polygon","coordinates":[[[25.0429118,48.5310669],[25.0428334,48.5308897],[25.0428609,48.5308622],[25.0429259,48.5308844],[25.042938,48.530915],[25.0429789,48.5309083],[25.0430372,48.5310417],[25.0429118,48.5310669]]]},"properties":{"id":"48.53098,25.04294","name":"Вілла","address":"Січових Стрільців, 5","period":"1866—1913","color":"#B22222"}},{"type":"Feature","geometry":{"type":"Polygon","coordinates":[[[25.053472,48.533929],[25.0534139,48.5339465],[25.0534311,48.5339715],[25.0533615,48.5339925],[25.0535387,48.5342497],[25.0537258,48.5341931],[25.0535493,48.5339371],[25.05349,48.533955],[25.053472,48.533929]]]},"properties":{"id":"48.5341,25.05353","name":"Касарні драгунів","address":"Січових Стрільців, 56","period":"1866—1913","color":"#B22222"}},{"type":"Feature","geometry":{"type":"Polygon","coordinates":[[[25.0416808,48.5301288],[25.041665,48.5301389],[25.0413389,48.5300267],[25.0412465,48.5301364],[25.0417654,48.5303179],[25.0419231,48.530209],[25.0418309,48.5301742],[25.0416808,48.5301288]]]},"properties":{"id":"48.53023,25.04178","name":"Кам'яниця","address":"Січових Стрільців, 6","period":null,"color":"gold"}},{"type":"Feature","geometry":{"type":"Polygon","coordinates":[[[25.0549973,48.5347299],[25.054878,48.5346891],[25.0549096,48.5346486],[25.0547226,48.5345847],[25.0546293,48.5347045],[25.0554077,48.5349705],[25.0555057,48.5348448],[25.0553285,48.5347843],[25.0552972,48.5348244],[25.0551799,48.5347842],[25.0552111,48.5347442],[25.0550335,48.5346835],[25.0549973,48.5347299]]]},"properties":{"id":"48.53478,25.05507","name":"Касарні драгунів","address":"Січових Стрільців, 62","period":"1866—1913","color":"#B22222"}},{"type":"Feature","geometry":{"type":"Polygon","coordinates":[[[25.041912,48.5303655],[25.0419174,48.5303655],[25.0420107,48.5302418],[25.0419702,48.5302207],[25.0418988,48.5302768],[25.0418849,48.530273],[25.0418009,48.5303273],[25.041912,48.5303655]]]},"properties":{"id":"48.53032,25.04189","name":"Кам'яниця","address":"Січових Стрільців, 8","period":null,"color":"gold"}},{"type":"Feature","geometry":{"type":"Polygon","coordinates":[[[25.0383706,48.5131923],[25.0382763,48.5132075],[25.0382453,48.5131229],[25.0383396,48.5131077],[25.0383706,48.5131923]]]},"properties":{"id":"48.51316,25.03831","name":"Будинок","address":"Соборна, 17","period":null,"color":"gold"}},{"type":"Feature","geometry":{"type":"Polygon","coordinates":[[[25.04039,48.5122892],[25.0403819,48.512275],[25.0403392,48.5122856],[25.0402946,48.5122072],[25.0404275,48.512174],[25.0404703,48.5122492],[25.040426,48.5122602],[25.040436,48.5122778],[25.04039,48.5122892]]]},"properties":{"id":"48.51223,25.04038","name":"Будинок","address":"Соборна, 30","period":null,"color":"gold"}},{"type":"Feature","geometry":{"type":"Polygon","coordinates":[[[25.037023,48.513396],[25.0371439,48.5133551],[25.0372042,48.5134331],[25.0370832,48.513474],[25.037023,48.513396]]]},"properties":{"id":"48.51341,25.03711","name":"Будинок","address":"Соборна, 7","period":null,"color":"gold"}},{"type":"Feature","geometry":{"type":"Polygon","coordinates":[[[25.0685425,48.5333157],[25.0693303,48.5331265],[25.0692633,48.5330042],[25.0693228,48.5329899],[25.0692983,48.5329451],[25.0692755,48.5329505],[25.0692703,48.5329411],[25.0692337,48.5329499],[25.0692103,48.532907],[25.0686906,48.5330319],[25.0684223,48.5330962],[25.0684812,48.5332038],[25.0685425,48.5333157]]]},"properties":{"id":"48.53304,25.06896","name":"Паровозовня (паровозне депо)","address":"Сотні Кривоноса","period":null,"color":"gold"}},{"type":"Feature","geometry":{"type":"Polygon","coordinates":[[[25.0416532,48.5155165],[25.0415231,48.5155507],[25.0414659,48.5154551],[25.041596,48.515421],[25.0416532,48.5155165]]]},"properties":{"id":"48.51548,25.04156","name":"Будинок","address":"Станіслава Людкевича, 3","period":null,"color":"gold"}},{"type":"Feature","geometry":{"type":"Polygon","coordinates":[[[25.0196499,48.5265312],[25.0197466,48.5265235],[25.0197432,48.5265042],[25.019786,48.5265008],[25.0197684,48.5264036],[25.0196916,48.5264096],[25.0196962,48.5264352],[25.0196334,48.5264401],[25.0196499,48.5265312]]]},"properties":{"id":"48.52647,25.01972","name":"Будинок","address":"Стара дорога, 12","period":null,"color":"gold"}},{"type":"Feature","geometry":{"type":"Polygon","coordinates":[[[25.0190323,48.5263266],[25.0190877,48.5263219],[25.0190854,48.5263096],[25.0191237,48.5263065],[25.0191107,48.5262376],[25.0190411,48.5262434],[25.0190381,48.5262276],[25.0189638,48.5262338],[25.0189805,48.5263217],[25.0190306,48.5263175],[25.0190323,48.5263266]]]},"properties":{"id":"48.52628,25.01904","name":"Будинок","address":"Стара дорога, 17","period":null,"color":"gold"}},{"type":"Feature","geometry":{"type":"Polygon","coordinates":[[[25.0364801,48.5263313],[25.0365131,48.5263733],[25.0364511,48.5264035],[25.0364209,48.5263615],[25.0364125,48.5263642],[25.0363676,48.5263071],[25.0363337,48.5263141],[25.0363131,48.526276],[25.036276,48.5262059],[25.0363539,48.5261838],[25.0364801,48.5263313]]]},"properties":{"id":"48.52625,25.03635","name":"Кам'яниця","address":"Старий ринок, 7","period":"1866—1913","color":"#B22222"}},{"type":"Feature","geometry":{"type":"Polygon","coordinates":[[[25.0364801,48.5263313],[25.0363539,48.5261838],[25.0365319,48.5261395],[25.0365818,48.5261537],[25.0366769,48.526277],[25.03662,48.5263116],[25.0365862,48.5262663],[25.0365299,48.5262825],[25.0365503,48.5263058],[25.0364801,48.5263313]]]},"properties":{"id":"48.52622,25.03647","name":"Кам'яниця","address":"Старий ринок, 8","period":"1866—1913","color":"#B22222"}},{"type":"Feature","geometry":{"type":"Polygon","coordinates":[[[25.03778,48.5192663],[25.0378033,48.519312],[25.0378275,48.5193066],[25.0378477,48.5193463],[25.0379882,48.519315],[25.0379236,48.5191881],[25.0377819,48.5192198],[25.037803,48.5192612],[25.03778,48.5192663]]]},"properties":{"id":"48.51927,25.03789","name":"Будинок","address":"Староміська, 17","period":"1866—1913","color":"#B22222"}},{"type":"Feature","geometry":{"type":"Polygon","coordinates":[[[25.0377057,48.518683],[25.03773,48.5187581],[25.037755,48.5187545],[25.0377652,48.5187859],[25.0377929,48.518782],[25.0378051,48.5188195],[25.0379921,48.5187929],[25.0379757,48.5187423],[25.037948,48.5187462],[25.0379087,48.5186249],[25.0377256,48.518651],[25.0377346,48.5186789],[25.0377057,48.518683]]]},"properties":{"id":"48.51872,25.03782","name":"Кам'яниця","address":"Староміська, 21","period":"1866—1913","color":"#B22222"}},{"type":"Feature","geometry":{"type":"Polygon","coordinates":[[[25.0377486,48.5182083],[25.0375789,48.5182332],[25.0376476,48.5184389],[25.0378423,48.5184103],[25.0378021,48.5182901],[25.0377771,48.5182937],[25.0377486,48.5182083]]]},"properties":{"id":"48.51832,25.0377","name":"Польська  Народна бурса","address":"Староміська, 23","period":"1866—1913","color":"#B22222"}},{"type":"Feature","geometry":{"type":"Polygon","coordinates":[[[25.0377017,48.5202965],[25.0377802,48.5202916],[25.0379651,48.5202799],[25.0379179,48.5201448],[25.0377565,48.5201694],[25.0377836,48.5202455],[25.0376852,48.5202578],[25.0377017,48.5202965]]]},"properties":{"id":"48.52023,25.03786","name":"Будинок","address":"Староміська, 30","period":"1866—1913","color":"#B22222"}},{"type":"Feature","geometry":{"type":"Polygon","coordinates":[[[25.0368876,48.5162588],[25.0368983,48.5162567],[25.0368966,48.5162529],[25.0369168,48.516249],[25.0369034,48.5162184],[25.036913,48.5162165],[25.0369017,48.5161906],[25.0369612,48.5161792],[25.0369727,48.5162055],[25.0370393,48.5161928],[25.0370535,48.5162253],[25.0370605,48.516224],[25.0370703,48.5162465],[25.0370533,48.5162497],[25.0370652,48.5162767],[25.0370418,48.5162812],[25.0370582,48.5163187],[25.0369371,48.5163419],[25.0369196,48.5163017],[25.0369068,48.5163042],[25.0368988,48.5163038],[25.0368899,48.5163029],[25.0368809,48.5163006],[25.0368735,48.516297],[25.036869,48.516293],[25.0368661,48.5162873],[25.0368646,48.5162812],[25.0368656,48.5162746],[25.0368682,48.5162689],[25.0368734,48.5162641],[25.0368796,48.5162606],[25.0368876,48.5162588]]]},"properties":{"id":"48.51626,25.03697","name":"\"Willa Josefina\" / \"Вілла Жозефіна\"","address":"Староміська, 37","period":"1919—1944","color":"#ff9b00"}},{"type":"Feature","geometry":{"type":"Polygon","coordinates":[[[25.0365513,48.5154839],[25.036496,48.5154915],[25.0365302,48.5155999],[25.0366805,48.5155791],[25.0366654,48.515531],[25.0365703,48.5155441],[25.0365513,48.5154839]]]},"properties":{"id":"48.51555,25.03657","name":"Будинок","address":"Староміська, 45","period":"1919—1944","color":"#ff9b00"}},{"type":"Feature","geometry":{"type":"Polygon","coordinates":[[[25.0373232,48.5194055],[25.0372951,48.5193325],[25.0374522,48.519306],[25.0374476,48.5192941],[25.0375552,48.5192759],[25.0375879,48.5193608],[25.0373232,48.5194055]]]},"properties":{"id":"48.51935,25.03749","name":"Будинок","address":"Староміська, 46","period":null,"color":"gold"}},{"type":"Feature","geometry":{"type":"Polygon","coordinates":[[[25.0369686,48.5176394],[25.0369438,48.5175662],[25.0369254,48.5175689],[25.0369112,48.5175271],[25.0367574,48.51755],[25.036812,48.5177111],[25.0369685,48.5176879],[25.0369528,48.5176417],[25.0369686,48.5176394]]]},"properties":{"id":"48.51761,25.03687","name":"Будинок","address":"Староміська, 64","period":null,"color":"gold"}},{"type":"Feature","geometry":{"type":"Polygon","coordinates":[[[25.0362451,48.5147214],[25.0362595,48.5147595],[25.0363549,48.5147437],[25.0363382,48.5146995],[25.0363892,48.5146911],[25.0363647,48.5146261],[25.0362157,48.5146509],[25.0362291,48.5146864],[25.0362108,48.5146894],[25.0362242,48.5147249],[25.0362451,48.5147214]]]},"properties":{"id":"48.5147,25.0363","name":"Будинок","address":"Староміська, 67","period":null,"color":"gold"}},{"type":"Feature","geometry":{"type":"Polygon","coordinates":[[[25.0366401,48.5164579],[25.0365131,48.5164781],[25.0365443,48.516564],[25.0366714,48.5165438],[25.0366401,48.5164579]]]},"properties":{"id":"48.51652,25.03659","name":"Будинок","address":"Староміська, 78","period":null,"color":"gold"}},{"type":"Feature","geometry":{"type":"Polygon","coordinates":[[[25.0381194,48.5214538],[25.0382562,48.5214414],[25.0382159,48.5212566],[25.0380282,48.5212726],[25.0380604,48.5214289],[25.038114,48.5214254],[25.0381194,48.5214538]]]},"properties":{"id":"48.52136,25.03817","name":"Кам'яниця","address":"Староміська, 8","period":null,"color":"gold"}},{"type":"Feature","geometry":{"type":"Polygon","coordinates":[[[25.0361229,48.5155596],[25.0362378,48.5154544],[25.0358675,48.5152768],[25.0356583,48.5151764],[25.0355957,48.5152337],[25.0355433,48.5152816],[25.0357021,48.5153577],[25.0361229,48.5155596]]]},"properties":{"id":"48.5154,25.03598","name":"Млин Ґольдберґа","address":"Староміська, 88б","period":null,"color":"gold"}},{"type":"Feature","geometry":{"type":"Polygon","coordinates":[[[25.0548598,48.5270197],[25.0549256,48.5271474],[25.0550635,48.5271163],[25.0549905,48.5269745],[25.0550216,48.5269675],[25.0549906,48.5269072],[25.0549227,48.5269225],[25.0549339,48.5269443],[25.0548162,48.5269708],[25.0548433,48.5270234],[25.0548598,48.5270197]]]},"properties":{"id":"48.52708,25.05497","name":"Будинок","address":"Степана Бандери, 12","period":"1919—1944","color":"#ff9b00"}},{"type":"Feature","geometry":{"type":"Polygon","coordinates":[[[25.0543682,48.5261561],[25.0544809,48.5261294],[25.0544835,48.526117],[25.0544674,48.5260939],[25.0544835,48.5260886],[25.0544862,48.5260761],[25.0545613,48.5260761],[25.0545613,48.5260708],[25.0545747,48.5260708],[25.0545747,48.5259926],[25.0543521,48.5259962],[25.054328,48.525998],[25.0543199,48.5260033],[25.0542958,48.5260246],[25.0542958,48.5260335],[25.0543682,48.5261561]]]},"properties":{"id":"48.52606,25.05439","name":"Будинок","address":"Степана Бандери, 2","period":null,"color":"gold"}},{"type":"Feature","geometry":{"type":"Polygon","coordinates":[[[25.0554382,48.5279971],[25.0554883,48.5280898],[25.0556334,48.5280554],[25.0555833,48.5279627],[25.0554382,48.5279971]]]},"properties":{"id":"48.52803,25.05553","name":"Будинок","address":"Степана Бандери, 24","period":"1919—1944","color":"#ff9b00"}},{"type":"Feature","geometry":{"type":"Polygon","coordinates":[[[25.0563593,48.5296449],[25.0564702,48.529618],[25.0564099,48.5295081],[25.0562989,48.5295352],[25.0563241,48.5295807],[25.0563194,48.5295818],[25.0563358,48.5296117],[25.0563413,48.5296109],[25.0563593,48.5296449]]]},"properties":{"id":"48.52959,25.05639","name":"Будинок","address":"Степана Бандери, 36","period":"1919—1944","color":"#ff9b00"}},{"type":"Feature","geometry":{"type":"Polygon","coordinates":[[[25.0547206,48.5267363],[25.054788,48.52686],[25.0549216,48.526828],[25.0548541,48.5267043],[25.0547206,48.5267363]]]},"properties":{"id":"48.52679,25.05483","name":"Будинок","address":"Степана Бандери, 8","period":"1919—1944","color":"#ff9b00"}},{"type":"Feature","geometry":{"type":"Polygon","coordinates":[[[25.0358372,48.5266595],[25.0357255,48.5266772],[25.0357896,48.5268159],[25.0358929,48.5267777],[25.0358372,48.5266595]]]},"properties":{"id":"48.52673,25.03582","name":"Кам'яниця","address":"Тараса Шевченка, 13","period":null,"color":"gold"}},{"type":"Feature","geometry":{"type":"Polygon","coordinates":[[[25.0358744,48.5270958],[25.036097,48.5270425],[25.0360568,48.526959],[25.0359549,48.5269786],[25.0359146,48.5268969],[25.0358603,48.5269136],[25.0358503,48.5269182],[25.0358412,48.5269251],[25.0358342,48.5269342],[25.0358316,48.5269409],[25.0358315,48.5269488],[25.0358744,48.5270958]]]},"properties":{"id":"48.52698,25.0359","name":"Кам'яниця","address":"Тараса Шевченка, 18","period":"1866—1913","color":"#B22222"}},{"type":"Feature","geometry":{"type":"Polygon","coordinates":[[[25.0353249,48.5256956],[25.0354508,48.526003],[25.0355454,48.5259859],[25.0355616,48.5259829],[25.035547,48.5259471],[25.0355393,48.5259285],[25.0354954,48.5258207],[25.0355382,48.5258126],[25.0355223,48.5257739],[25.0354972,48.5257787],[25.0354546,48.5256727],[25.0353249,48.5256956]]]},"properties":{"id":"48.52577,25.03543","name":"Кам'яниця","address":"Тараса Шевченка, 2","period":null,"color":"gold"}},{"type":"Feature","geometry":{"type":"Polygon","coordinates":[[[25.0356002,48.5273622],[25.0357215,48.5273427],[25.0356947,48.5272308],[25.0356759,48.5272166],[25.0356115,48.5272166],[25.0356061,48.5272059],[25.0354023,48.5272183],[25.0353701,48.5273356],[25.0355015,48.5273498],[25.035507,48.5273255],[25.0355878,48.5273226],[25.0355896,48.5273446],[25.0355987,48.5273443],[25.0356002,48.5273622]]]},"properties":{"id":"48.52727,25.03553","name":"Будинок лісопромисловців Гедале та Якуба Біттерів","address":"Тараса Шевченка, 21","period":"1919—1944","color":"#ff9b00"}},{"type":"Feature","geometry":{"type":"Polygon","coordinates":[[[25.0356459,48.5281059],[25.0356942,48.5280973],[25.0358874,48.5280629],[25.035863,48.5279392],[25.0358519,48.5279403],[25.0358092,48.5279443],[25.0356316,48.5279614],[25.0356215,48.5279624],[25.0356168,48.527995],[25.0357103,48.5279869],[25.0357208,48.5280377],[25.0356273,48.5280485],[25.0356459,48.5281059]]]},"properties":{"id":"48.52801,25.03581","name":"Кам'яниця","address":"Тараса Шевченка, 25","period":null,"color":"gold"}},{"type":"Feature","geometry":{"type":"Polygon","coordinates":[[[25.0358874,48.5280629],[25.0359057,48.528157],[25.0357383,48.52819],[25.0356942,48.5280973],[25.0358874,48.5280629]]]},"properties":{"id":"48.52814,25.03581","name":"Кам'яниця","address":"Тараса Шевченка, 27","period":null,"color":"gold"}},{"type":"Feature","geometry":{"type":"Polygon","coordinates":[[[25.0356564,48.5283821],[25.0356958,48.5283729],[25.0356913,48.528364],[25.0358532,48.5283238],[25.0359815,48.5282889],[25.0359057,48.528157],[25.0357383,48.52819],[25.0357251,48.5281926],[25.0357624,48.5282514],[25.0357868,48.5282472],[25.0358005,48.5282754],[25.0358068,48.5282883],[25.0356816,48.5283204],[25.0356856,48.528331],[25.0356421,48.5283405],[25.0356355,48.5283242],[25.0355767,48.5283381],[25.0355919,48.5283682],[25.0356098,48.5283639],[25.0356439,48.5283573],[25.0356564,48.5283821]]]},"properties":{"id":"48.52825,25.03587","name":"Кам'яниця","address":"Тараса Шевченка, 29","period":null,"color":"gold"}},{"type":"Feature","geometry":{"type":"Polygon","coordinates":[[[25.0356265,48.5284735],[25.0356982,48.5284563],[25.0356913,48.5284432],[25.0357349,48.5284325],[25.035725,48.5284128],[25.0357948,48.5283955],[25.0358448,48.5283931],[25.0358508,48.5284104],[25.0358182,48.528418],[25.0358172,48.5284282],[25.035773,48.5284386],[25.0357909,48.528468],[25.0358841,48.5284442],[25.0358925,48.5284586],[25.0360516,48.5284158],[25.0359815,48.5282889],[25.0358532,48.5283238],[25.035822,48.5283438],[25.0358281,48.5283548],[25.0356934,48.5283896],[25.035687,48.5283756],[25.0356226,48.5283904],[25.035584,48.5283993],[25.0356265,48.5284735]]]},"properties":{"id":"48.52837,25.03592","name":"Кам'яниця","address":"Тараса Шевченка, 31","period":"1866—1913","color":"#B22222"}},{"type":"Feature","geometry":{"type":"Polygon","coordinates":[[[25.0364977,48.5285022],[25.0364227,48.5284055],[25.0362898,48.5284471],[25.0363685,48.5285455],[25.0364327,48.5285937],[25.0365551,48.5286262],[25.0366947,48.5286219],[25.0366595,48.5284961],[25.0366008,48.528504],[25.0365171,48.5285153],[25.0364977,48.5285022]]]},"properties":{"id":"48.52853,25.03645","name":"Кам'яниця","address":"Тараса Шевченка, 32","period":"1866—1913","color":"#B22222"}},{"type":"Feature","geometry":{"type":"Polygon","coordinates":[[[25.0358752,48.5285931],[25.0359491,48.5285754],[25.0359461,48.5285705],[25.0360972,48.5285115],[25.0361074,48.5284949],[25.0360573,48.5284145],[25.0358925,48.5284586],[25.0358841,48.5284442],[25.0357909,48.528468],[25.035773,48.5284386],[25.0357252,48.5284504],[25.0357534,48.5285035],[25.0358199,48.5284884],[25.0358462,48.5285328],[25.0358412,48.5285334],[25.0358472,48.5285452],[25.0358316,48.5285489],[25.0358544,48.5285872],[25.0358697,48.5285839],[25.0358752,48.5285931]]]},"properties":{"id":"48.52848,25.03601","name":"Кам'яниця","address":"Тараса Шевченка, 33","period":"1866—1913","color":"#B22222"}},{"type":"Feature","geometry":{"type":"Polygon","coordinates":[[[25.0367225,48.5283856],[25.0366933,48.5283898],[25.0366286,48.5283995],[25.0366595,48.5284961],[25.0366947,48.5286219],[25.0369059,48.5286069],[25.0368778,48.5284845],[25.036818,48.5284886],[25.0368192,48.5284972],[25.0367296,48.5285048],[25.0367095,48.5284399],[25.0367427,48.5284359],[25.0367225,48.5283856]]]},"properties":{"id":"48.52856,25.03679","name":"Кам'яниця","address":"Тараса Шевченка, 34","period":"1866—1913","color":"#B22222"}},{"type":"Feature","geometry":{"type":"Polygon","coordinates":[[[25.0362616,48.5286991],[25.0361612,48.5285878],[25.0360808,48.5286197],[25.0360956,48.528636],[25.0360321,48.5286612],[25.0361018,48.5287384],[25.0360867,48.5287443],[25.0361016,48.5287608],[25.0361164,48.528755],[25.0361592,48.528801],[25.0362035,48.5287866],[25.0362616,48.5286991]]]},"properties":{"id":"48.52868,25.03615","name":"Вілла","address":"Тараса Шевченка, 35","period":null,"color":"gold"}},{"type":"Feature","geometry":{"type":"Polygon","coordinates":[[[25.0362443,48.5288318],[25.0363042,48.5288485],[25.0362993,48.5288562],[25.0364075,48.528884],[25.0364999,48.5287322],[25.0363185,48.5286828],[25.0362663,48.5287613],[25.0362435,48.5287951],[25.0362443,48.5288318]]]},"properties":{"id":"48.52877,25.03636","name":"Кам'яниця","address":"Тараса Шевченка, 37","period":null,"color":"gold"}},{"type":"Feature","geometry":{"type":"Polygon","coordinates":[[[25.0371854,48.5283167],[25.0372839,48.528307],[25.0373134,48.5284616],[25.0374261,48.5284562],[25.0374435,48.5285664],[25.0372289,48.5285797],[25.0371854,48.5283167]]]},"properties":{"id":"48.52852,25.03733","name":"Школа ім. А. Міцкевича (4-класна, жіноча)","address":"Тараса Шевченка, 38","period":null,"color":"gold"}},{"type":"Feature","geometry":{"type":"Polygon","coordinates":[[[25.0355579,48.5262467],[25.0356947,48.5262218],[25.0356812,48.5261827],[25.0357134,48.5261774],[25.0357161,48.5261703],[25.0356839,48.5261241],[25.035523,48.5261578],[25.0355579,48.5262467]]]},"properties":{"id":"48.52619,25.0356","name":"Кам'яниця","address":"Тараса Шевченка, 6","period":null,"color":"gold"}},{"type":"Feature","geometry":{"type":"Polygon","coordinates":[[[25.0357985,48.5263547],[25.035615,48.5263874],[25.0355586,48.5262488],[25.0357422,48.526216],[25.0357985,48.5263547]]]},"properties":{"id":"48.52631,25.03568","name":"Кам'яниця","address":"Тараса Шевченка, 8","period":null,"color":"gold"}},{"type":"Feature","geometry":{"type":"Polygon","coordinates":[[[25.037532,48.5267725],[25.037599,48.5267671],[25.037591,48.5267227],[25.0376768,48.5267174],[25.0377841,48.5267032],[25.0377646,48.5266103],[25.0377296,48.526591],[25.0377121,48.5265892],[25.0374944,48.5266108],[25.037532,48.5267725]]]},"properties":{"id":"48.52665,25.03774","name":"Кам'яниця","address":"Театральна, 1","period":"1866—1913","color":"#B22222"}},{"type":"Feature","geometry":{"type":"Polygon","coordinates":[[[25.0377894,48.5273807],[25.0377757,48.5273346],[25.0379289,48.5273096],[25.0379402,48.527356],[25.0377894,48.5273807]]]},"properties":{"id":"48.52734,25.03787","name":"Кам'яниця","address":"Театральна, 13","period":"1866—1913","color":"#B22222"}},{"type":"Feature","geometry":{"type":"Polygon","coordinates":[[[25.0377868,48.5276287],[25.037996,48.5276021],[25.0379402,48.527356],[25.0377894,48.5273807],[25.0378029,48.5274315],[25.0376968,48.5274409],[25.0376407,48.5274482],[25.0376688,48.5275449],[25.0376929,48.5275431],[25.0376927,48.5275346],[25.0378022,48.5275263],[25.0378094,48.5275679],[25.037768,48.5275719],[25.0377868,48.5276287]]]},"properties":{"id":"48.52748,25.03785","name":"Кам'яниця","address":"Театральна, 15","period":"1866—1913","color":"#B22222"}},{"type":"Feature","geometry":{"type":"Polygon","coordinates":[[[25.0375079,48.5278241],[25.037988,48.5277513],[25.0380175,48.5277282],[25.037996,48.5276056],[25.0377761,48.5276323],[25.0377868,48.5276678],[25.0375964,48.5276962],[25.0376017,48.5277193],[25.0375508,48.5277282],[25.0375374,48.5277282],[25.0375186,48.5276607],[25.0374542,48.5276696],[25.0375079,48.5278241]]]},"properties":{"id":"48.52772,25.03777","name":"Каварня центральна","address":"Театральна, 17","period":"1866—1913","color":"#B22222"}},{"type":"Feature","geometry":{"type":"Polygon","coordinates":[[[25.0379906,48.5266837],[25.0380872,48.5266677],[25.0380443,48.5265149],[25.0380624,48.5265109],[25.0380684,48.5265291],[25.0381187,48.5265185],[25.0380657,48.5263781],[25.0379209,48.5264119],[25.0379906,48.5266837]]]},"properties":{"id":"48.52661,25.03803","name":"Кам'яниця","address":"Театральна, 2","period":null,"color":"gold"}},{"type":"Feature","geometry":{"type":"Polygon","coordinates":[[[25.0381696,48.5274681],[25.0386199,48.5274348],[25.0385854,48.5273345],[25.0385717,48.5273347],[25.0385624,48.527319],[25.0384842,48.5273254],[25.0384867,48.5273433],[25.0384922,48.5273836],[25.0383548,48.5273915],[25.0383438,48.5273422],[25.0381438,48.5273617],[25.0381696,48.5274681]]]},"properties":{"id":"48.5274,25.03827","name":"Кам'яниця","address":"Театральна, 20","period":"1866—1913","color":"#B22222"}},{"type":"Feature","geometry":{"type":"Polygon","coordinates":[[[25.0375987,48.5280972],[25.0375968,48.5281578],[25.0375662,48.5281574],[25.0375649,48.5282016],[25.0374926,48.5282007],[25.0374893,48.5282525],[25.0375437,48.5282537],[25.0377528,48.5282134],[25.0377627,48.528083],[25.0376607,48.5280794],[25.0375987,48.5280972]]]},"properties":{"id":"48.52815,25.03768","name":"Кам'яниця","address":"Театральна, 21","period":"1866—1913","color":"#B22222"}},{"type":"Feature","geometry":{"type":"Polygon","coordinates":[[[25.0382027,48.5275951],[25.038448,48.5275706],[25.0384335,48.5274962],[25.0384938,48.5274927],[25.0384969,48.5275175],[25.0386468,48.5275087],[25.0386199,48.5274348],[25.0381696,48.5274681],[25.0382027,48.5275951]]]},"properties":{"id":"48.52751,25.0383","name":"Кам'яниця","address":"Театральна, 22","period":"1866—1913","color":"#B22222"}},{"type":"Feature","geometry":{"type":"Polygon","coordinates":[[[25.0375018,48.5285621],[25.037677,48.5285507],[25.0376824,48.5285494],[25.0376871,48.5285476],[25.0376912,48.5285456],[25.0376944,48.5285434],[25.0376961,48.5285403],[25.0377219,48.5283909],[25.0375617,48.528379],[25.037554,48.5284292],[25.0375092,48.5284537],[25.0374831,48.5284546],[25.0375018,48.5285621]]]},"properties":{"id":"48.52847,25.03761","name":"Будинок","address":"Театральна, 23","period":"1919—1944","color":"#ff9b00"}},{"type":"Feature","geometry":{"type":"Polygon","coordinates":[[[25.0372343,48.5287065],[25.0372544,48.5288532],[25.0372598,48.5288568],[25.0373322,48.5288497],[25.0373362,48.528847],[25.0373335,48.528831],[25.0373644,48.5288301],[25.0373724,48.5288257],[25.0373684,48.5287928],[25.0374971,48.5287831],[25.0375159,48.5287955],[25.0375105,48.5288479],[25.0374918,48.5288444],[25.0374676,48.5288444],[25.0374462,48.5288515],[25.0374328,48.5288615],[25.0374314,48.5288723],[25.0374354,48.5288803],[25.0374452,48.5288885],[25.0374552,48.5288943],[25.0374717,48.5288981],[25.0374971,48.5288983],[25.0374901,48.5289507],[25.0374676,48.5289687],[25.0373375,48.5289856],[25.0373322,48.5289663],[25.0373007,48.52897],[25.0373318,48.5290802],[25.0375736,48.5290522],[25.0376178,48.5290193],[25.037654,48.5287458],[25.0376688,48.5287076],[25.0376567,48.5286907],[25.0376299,48.5286792],[25.0376165,48.5286783],[25.0372343,48.5287065]]]},"properties":{"id":"48.52887,25.03756","name":"Руський народний дім у Коломиї","address":"Театральна, 25","period":"1866—1913","color":"#B22222"}},{"type":"Feature","geometry":{"type":"Polygon","coordinates":[[[25.037388,48.5294118],[25.037411,48.5294088],[25.0374317,48.5294784],[25.0374513,48.5295445],[25.0374534,48.5295516],[25.037668,48.5295237],[25.0375657,48.5291795],[25.037411,48.5291997],[25.0372117,48.5292256],[25.0368618,48.5292713],[25.0368718,48.5293049],[25.0368956,48.529385],[25.0369118,48.5294397],[25.0370231,48.5294252],[25.037016,48.5294015],[25.0373712,48.5293551],[25.0373841,48.5293985],[25.037388,48.5294118]]]},"properties":{"id":"48.52928,25.03745","name":"Каса ощадності","address":"Театральна, 27","period":"1866—1913","color":"#B22222"}},{"type":"Feature","geometry":{"type":"Polygon","coordinates":[[[25.0381382,48.5280799],[25.0382176,48.5280749],[25.0382157,48.5280622],[25.0382436,48.5280604],[25.0382365,48.5280113],[25.0381464,48.5280169],[25.0381462,48.5279664],[25.0381948,48.5279696],[25.0381996,48.5279381],[25.0381624,48.5279357],[25.038165,48.5279182],[25.0380604,48.5279147],[25.0380282,48.5279609],[25.0379907,48.5280408],[25.0379746,48.528119],[25.0381382,48.5281101],[25.0381382,48.5280799]]]},"properties":{"id":"48.52796,25.03809","name":"Кам'яниця","address":"Театральна, 28","period":"1866—1913","color":"#B22222"}},{"type":"Feature","geometry":{"type":"Polygon","coordinates":[[[25.0374515,48.5268897],[25.037819,48.5268506],[25.0377868,48.5267067],[25.0376795,48.5267192],[25.0376849,48.5267423],[25.0376527,48.5267458],[25.037658,48.5267636],[25.0376366,48.5267671],[25.0376446,48.5268027],[25.0376098,48.5268062],[25.0376017,48.5267689],[25.0374327,48.5267867],[25.0374515,48.5268897]]]},"properties":{"id":"48.52679,25.03772","name":"Кам'яниця","address":"Театральна, 3","period":"1866—1913","color":"#B22222"}},{"type":"Feature","geometry":{"type":"Polygon","coordinates":[[[25.0381382,48.5280799],[25.0382176,48.5280749],[25.0382157,48.5280622],[25.0382436,48.5280604],[25.0382365,48.5280113],[25.0381464,48.5280169],[25.0381462,48.5279664],[25.0381948,48.5279696],[25.0381996,48.5279381],[25.0381624,48.5279357],[25.038165,48.5279182],[25.0380604,48.5279147],[25.0380282,48.5279609],[25.0379907,48.5280408],[25.0379746,48.528119],[25.0381382,48.5281101],[25.0381382,48.5280799]]]},"properties":{"id":"48.52807,25.03806","name":"Кам'яниця","address":"Театральна, 30","period":null,"color":"gold"}},{"type":"Feature","geometry":{"type":"Polygon","coordinates":[[[25.0379558,48.5282167],[25.0382535,48.5281936],[25.0382455,48.5281527],[25.0381462,48.5281616],[25.0381382,48.5281136],[25.0379746,48.5281225],[25.0379558,48.5282167]]]},"properties":{"id":"48.52816,25.03805","name":"Будинок","address":"Театральна, 32","period":"1919—1944","color":"#ff9b00"}},{"type":"Feature","geometry":{"type":"Polygon","coordinates":[[[25.0376828,48.5301715],[25.0376938,48.5301892],[25.0377087,48.5301851],[25.037718,48.5301999],[25.0378094,48.5301748],[25.0378022,48.5301633],[25.037849,48.5301505],[25.0378552,48.5301604],[25.0379291,48.5301401],[25.0378591,48.5300282],[25.0378403,48.530023],[25.0376278,48.5300813],[25.0376386,48.5300986],[25.0375639,48.5301191],[25.0375899,48.5301607],[25.0376721,48.5301381],[25.0376915,48.5301691],[25.0376828,48.5301715]]]},"properties":{"id":"48.5301,25.03777","name":"Кам'яниця","address":"Театральна, 33","period":"1866—1913","color":"#B22222"}},{"type":"Feature","geometry":{"type":"Polygon","coordinates":[[[25.0382994,48.5305738],[25.038141,48.5306233],[25.0382199,48.5307372],[25.0382598,48.5307935],[25.0381715,48.5308196],[25.0379735,48.5308729],[25.0380402,48.5309786],[25.0384812,48.5308566],[25.0384875,48.5308464],[25.0382994,48.5305738]]]},"properties":{"id":"48.53079,25.03834","name":"Гардинна фабрика Марії Горовіц","address":"Театральна, 35","period":null,"color":"gold"}},{"type":"Feature","geometry":{"type":"Polygon","coordinates":[[[25.037891,48.5286567],[25.0381681,48.5286498],[25.038166,48.5286042],[25.0381088,48.5286053],[25.038112,48.5284847],[25.0379124,48.5284888],[25.037891,48.5286567]]]},"properties":{"id":"48.52856,25.038","name":"Кам'яниця","address":"Театральна, 36","period":"1866—1913","color":"#B22222"}},{"type":"Feature","geometry":{"type":"Polygon","coordinates":[[[25.0380213,48.5267744],[25.0382259,48.5267338],[25.0381796,48.5266366],[25.038086,48.5266529],[25.0380903,48.5266706],[25.0379907,48.5266872],[25.0380068,48.5267636],[25.0380213,48.5267744]]]},"properties":{"id":"48.52672,25.03807","name":"Кам'яниця","address":"Театральна, 4","period":null,"color":"gold"}},{"type":"Feature","geometry":{"type":"Polygon","coordinates":[[[25.037888,48.5290436],[25.0381485,48.5290284],[25.0381412,48.5289736],[25.0380749,48.5289775],[25.0380595,48.5288616],[25.0378653,48.5288729],[25.037888,48.5290436]]]},"properties":{"id":"48.52895,25.03797","name":"Кам'яниця","address":"Театральна, 40","period":"1866—1913","color":"#B22222"}},{"type":"Feature","geometry":{"type":"Polygon","coordinates":[[[25.0378646,48.5294401],[25.037996,48.5294116],[25.0379907,48.5293672],[25.0380363,48.5293566],[25.038047,48.5293584],[25.0380658,48.5293992],[25.0382235,48.5293681],[25.0381999,48.5293193],[25.0381033,48.529337],[25.0380926,48.5293193],[25.0380792,48.529314],[25.0380068,48.5293264],[25.0380014,48.5292962],[25.0378324,48.5293086],[25.0378646,48.5294401]]]},"properties":{"id":"48.52935,25.03792","name":"Кам'яниця","address":"Театральна, 44","period":"1866—1913","color":"#B22222"}},{"type":"Feature","geometry":{"type":"Polygon","coordinates":[[[25.0381029,48.5299515],[25.0384813,48.5298883],[25.0384616,48.5298333],[25.0383206,48.5298575],[25.038271,48.5297646],[25.0382616,48.5297667],[25.0382475,48.5297398],[25.0381064,48.5297704],[25.0381009,48.529762],[25.03801,48.5297831],[25.0380493,48.5298525],[25.0380363,48.5298575],[25.0380342,48.5298642],[25.0380363,48.5298717],[25.0380417,48.5298814],[25.0380524,48.5298877],[25.0380603,48.5298878],[25.0380699,48.5298873],[25.0381029,48.5299515]]]},"properties":{"id":"48.52984,25.03817","name":"Кам'яниця","address":"Театральна, 48","period":"1866—1913","color":"#B22222"}},{"type":"Feature","geometry":{"type":"Polygon","coordinates":[[[25.0374381,48.5270694],[25.0376212,48.5270533],[25.0378691,48.5270271],[25.0378237,48.5268504],[25.0374688,48.5268887],[25.0374837,48.5269555],[25.0376522,48.5269422],[25.0376597,48.5269736],[25.0374212,48.5269969],[25.037423,48.5270048],[25.0374381,48.5270694]]]},"properties":{"id":"48.52695,25.03774","name":"Кам'яниця","address":"Театральна, 5","period":null,"color":"gold"}},{"type":"Feature","geometry":{"type":"Polygon","coordinates":[[[25.038203,48.53012],[25.0385024,48.5300493],[25.0384728,48.5299969],[25.0382789,48.5300419],[25.038248,48.5299873],[25.0384408,48.5299569],[25.0384198,48.5299001],[25.0381045,48.5299536],[25.038203,48.53012]]]},"properties":{"id":"48.52998,25.03819","name":"Кам'яниця","address":"Театральна, 50","period":null,"color":"gold"}},{"type":"Feature","geometry":{"type":"Polygon","coordinates":[[[25.038203,48.53012],[25.0385024,48.5300493],[25.0384728,48.5299969],[25.0382789,48.5300419],[25.038248,48.5299873],[25.0384408,48.5299569],[25.0384198,48.5299001],[25.0381045,48.5299536],[25.038203,48.53012]]]},"properties":{"id":"48.53007,25.03824","name":"Кам'яниця","address":"Театральна, 52","period":null,"color":"gold"}},{"type":"Feature","geometry":{"type":"Polygon","coordinates":[[[25.0384318,48.5302998],[25.0384977,48.5302803],[25.0385051,48.5302913],[25.0385689,48.5302724],[25.0385614,48.5302613],[25.0386573,48.5302329],[25.0385482,48.5300712],[25.0383199,48.5301388],[25.0383512,48.5301852],[25.0383356,48.5301898],[25.0383853,48.5302635],[25.0384037,48.5302581],[25.0384318,48.5302998]]]},"properties":{"id":"48.53018,25.03848","name":"Будинок","address":"Театральна, 54","period":"1866—1913","color":"#B22222"}},{"type":"Feature","geometry":{"type":"Polygon","coordinates":[[[25.0385478,48.5306275],[25.0387058,48.530582],[25.0387068,48.5305744],[25.0385978,48.5304095],[25.0387137,48.5303764],[25.0386764,48.5303193],[25.0383983,48.530399],[25.0385478,48.5306275]]]},"properties":{"id":"48.53049,25.03855","name":"Кам'яниця","address":"Театральна, 56","period":"1866—1913","color":"#B22222"}},{"type":"Feature","geometry":{"type":"Polygon","coordinates":[[[25.0378691,48.5270271],[25.0378894,48.5271147],[25.037643,48.5271385],[25.0376212,48.5270533],[25.0378691,48.5270271]]]},"properties":{"id":"48.52708,25.03779","name":"Кам'яниця","address":"Театральна, 7","period":null,"color":"gold"}},{"type":"Feature","geometry":{"type":"Polygon","coordinates":[[[25.038055,48.5269767],[25.038224,48.5269519],[25.0382186,48.526927],[25.038224,48.5269199],[25.0382964,48.5269092],[25.0383018,48.5269092],[25.0383071,48.526927],[25.0383608,48.5269181],[25.0383635,48.5269128],[25.0383366,48.526856],[25.0383232,48.5268542],[25.0380309,48.5268897],[25.038055,48.5269767]]]},"properties":{"id":"48.52691,25.03814","name":"Кам'яниця","address":"Театральна, 8","period":"1866—1913","color":"#B22222"}},{"type":"Feature","geometry":{"type":"Polygon","coordinates":[[[25.0376152,48.5272273],[25.0378995,48.5271971],[25.0378894,48.5271147],[25.0376447,48.527142],[25.0376527,48.5271793],[25.0376044,48.5271846],[25.0376152,48.5272273]]]},"properties":{"id":"48.52717,25.0378","name":"Кам'яниця","address":"Театральна, 9","period":null,"color":"gold"}},{"type":"Feature","geometry":{"type":"Polygon","coordinates":[[[25.0319339,48.5321167],[25.0319643,48.5321075],[25.0319687,48.5321138],[25.0320371,48.5320931],[25.0320318,48.5320853],[25.0320974,48.5320654],[25.032039,48.5319808],[25.0320632,48.5319734],[25.0320104,48.531897],[25.0319248,48.5319229],[25.0319037,48.5319293],[25.0319171,48.5319487],[25.0318676,48.5319637],[25.0318133,48.5319802],[25.0319032,48.5321103],[25.0319339,48.5321167]]]},"properties":{"id":"48.53202,25.03196","name":"Вілла \"Poraj\"","address":"Українська, 15","period":"1866—1913","color":"#B22222"}},{"type":"Feature","geometry":{"type":"Polygon","coordinates":[[[25.0292814,48.5335962],[25.0294298,48.5335322],[25.0293847,48.5334863],[25.0293661,48.5334943],[25.0292898,48.5334168],[25.0291823,48.5334632],[25.0292628,48.5335449],[25.0292404,48.5335546],[25.0292814,48.5335962]]]},"properties":{"id":"48.53351,25.02932","name":"Кам'яниця","address":"Українська, 37","period":null,"color":"gold"}},{"type":"Feature","geometry":{"type":"Polygon","coordinates":[[[25.0356738,48.5321092],[25.0357194,48.5320975],[25.035697,48.5320611],[25.0357925,48.5320348],[25.0357879,48.5320273],[25.0358866,48.5319992],[25.0358144,48.5318921],[25.0357283,48.5319182],[25.0357359,48.531928],[25.0356785,48.5319442],[25.035681,48.5319486],[25.035594,48.531974],[25.0356738,48.5321092]]]},"properties":{"id":"48.53197,25.0358","name":"Кам'яниця","address":"Фредеріка Шопена, 1","period":"1866—1913","color":"#B22222"}},{"type":"Feature","geometry":{"type":"Polygon","coordinates":[[[25.0368589,48.5334863],[25.0370034,48.5334542],[25.0369419,48.5333331],[25.0368014,48.5333643],[25.0368199,48.5334008],[25.0367888,48.5334077],[25.0368099,48.5334494],[25.0368371,48.5334433],[25.0368589,48.5334863]]]},"properties":{"id":"48.53342,25.0369","name":"Вілла","address":"Фредеріка Шопена, 10","period":"1866—1913","color":"#B22222"}},{"type":"Feature","geometry":{"type":"Polygon","coordinates":[[[25.0362829,48.5333073],[25.0363092,48.5333576],[25.0362926,48.5333614],[25.0363084,48.5333914],[25.0363363,48.5333848],[25.0363476,48.5334067],[25.0364961,48.5333732],[25.0364694,48.5333214],[25.0364452,48.5333268],[25.0364316,48.5332991],[25.0364286,48.5332941],[25.0364243,48.5332902],[25.0364201,48.5332873],[25.0364135,48.5332848],[25.0364072,48.5332835],[25.0364001,48.5332833],[25.0363941,48.5332839],[25.0362829,48.5333073]]]},"properties":{"id":"48.53335,25.03638","name":"Будинок","address":"Фредеріка Шопена, 13","period":"1919—1944","color":"#ff9b00"}},{"type":"Feature","geometry":{"type":"Polygon","coordinates":[[[25.0365014,48.5337661],[25.0365205,48.5338066],[25.0366822,48.5337731],[25.0366379,48.5336795],[25.0364891,48.5337104],[25.0365142,48.5337634],[25.0365014,48.5337661]]]},"properties":{"id":"48.53376,25.03658","name":"Будинок","address":"Фредеріка Шопена, 17","period":"1919—1944","color":"#ff9b00"}},{"type":"Feature","geometry":{"type":"Polygon","coordinates":[[[25.0367351,48.533916],[25.0367139,48.5338718],[25.0365528,48.5339056],[25.0366014,48.5340071],[25.0367779,48.5339701],[25.0367505,48.5339128],[25.0367351,48.533916]]]},"properties":{"id":"48.53394,25.03667","name":"Будинок","address":"Фредеріка Шопена, 19","period":"1919—1944","color":"#ff9b00"}},{"type":"Feature","geometry":{"type":"Polygon","coordinates":[[[25.0367645,48.5342494],[25.036768,48.5342562],[25.0367425,48.534262],[25.0367865,48.5343467],[25.0368133,48.5343406],[25.0368177,48.5343491],[25.0369507,48.5343188],[25.0369345,48.5342875],[25.0369549,48.5342829],[25.0369337,48.5342421],[25.0369158,48.5342461],[25.0369014,48.5342183],[25.0367645,48.5342494]]]},"properties":{"id":"48.53428,25.03684","name":"Вілла","address":"Фредеріка Шопена, 23","period":"1866—1913","color":"#B22222"}},{"type":"Feature","geometry":{"type":"Polygon","coordinates":[[[25.0369078,48.5345069],[25.0369465,48.5345923],[25.0370671,48.5345684],[25.0370042,48.5344296],[25.0367701,48.5344761],[25.0367942,48.5345294],[25.0369078,48.5345069]]]},"properties":{"id":"48.53452,25.03698","name":"Вілла","address":"Фредеріка Шопена, 25","period":"1866—1913","color":"#B22222"}},{"type":"Feature","geometry":{"type":"Polygon","coordinates":[[[25.0370081,48.5346642],[25.0369701,48.5346718],[25.0369748,48.534682],[25.0369541,48.5346861],[25.0369969,48.5347805],[25.0371523,48.5347496],[25.0371095,48.5346553],[25.0370127,48.5346745],[25.0370081,48.5346642]]]},"properties":{"id":"48.53472,25.03706","name":"Будинок","address":"Фредеріка Шопена, 27","period":"1866—1913","color":"#B22222"}},{"type":"Feature","geometry":{"type":"Polygon","coordinates":[[[25.03591,48.5325474],[25.0359354,48.5325996],[25.0359636,48.5325935],[25.0359748,48.5326164],[25.0360843,48.532593],[25.0360443,48.5325111],[25.03594,48.5325335],[25.0359433,48.5325403],[25.03591,48.5325474]]]},"properties":{"id":"48.53256,25.036","name":"Вілла","address":"Фредеріка Шопена, 3","period":"1866—1913","color":"#B22222"}},{"type":"Feature","geometry":{"type":"Polygon","coordinates":[[[25.0359718,48.5327029],[25.0360024,48.5327643],[25.0361692,48.5327278],[25.036126,48.532641],[25.0359937,48.5326699],[25.0360063,48.5326954],[25.0359718,48.5327029]]]},"properties":{"id":"48.5327,25.03608","name":"Вілла","address":"Фредеріка Шопена, 5","period":"1866—1913","color":"#B22222"}},{"type":"Feature","geometry":{"type":"Polygon","coordinates":[[[25.036507,48.5328139],[25.0366452,48.5327852],[25.0366641,48.532825],[25.0365259,48.5328537],[25.036507,48.5328139]]]},"properties":{"id":"48.5328,25.03659","name":"Будинок","address":"Фредеріка Шопена, 6","period":"1919—1944","color":"#ff9b00"}},{"type":"Feature","geometry":{"type":"Polygon","coordinates":[[[25.0361591,48.5327897],[25.0360514,48.5328137],[25.0360677,48.5328458],[25.0360128,48.5328581],[25.0360393,48.53291],[25.0362339,48.5328666],[25.0362018,48.5328037],[25.0361699,48.5328108],[25.0361591,48.5327897]]]},"properties":{"id":"48.53284,25.03614","name":"Вілла","address":"Фредеріка Шопена, 7","period":"1866—1913","color":"#B22222"}},{"type":"Feature","geometry":{"type":"Polygon","coordinates":[[[25.0508833,48.5246796],[25.0510291,48.5246537],[25.0510073,48.5245998],[25.0509008,48.5246187],[25.0508918,48.5245965],[25.0508525,48.5246035],[25.0508833,48.5246796]]]},"properties":{"id":"48.52463,25.05095","name":"Будинок","address":"Цегельняна, 12","period":null,"color":"gold"}},{"type":"Feature","geometry":{"type":"Polygon","coordinates":[[[25.0320614,48.5272698],[25.0321247,48.527362],[25.0319323,48.52742],[25.0318689,48.5273278],[25.0320614,48.5272698]]]},"properties":{"id":"48.52735,25.03199","name":"Кам'яниця","address":"Юрія Федьковича, 35","period":null,"color":"gold"}},{"type":"Feature","geometry":{"type":"Polygon","coordinates":[[[25.0197798,48.5254776],[25.0198733,48.5254151],[25.0198535,48.5254021],[25.0198639,48.5253952],[25.0198324,48.5253745],[25.0197285,48.525444],[25.0197798,48.5254776]]]},"properties":{"id":"48.52543,25.0198","name":"Кам'яниця","address":"Юрія Шкрібляка, 22","period":null,"color":"gold"}},{"type":"Feature","geometry":{"type":"Polygon","coordinates":[[[25.0210079,48.5257809],[25.0210758,48.52573],[25.0209595,48.5256621],[25.0208936,48.5257115],[25.0209372,48.525737],[25.0209227,48.5257479],[25.0209536,48.525766],[25.0209662,48.5257566],[25.0210079,48.5257809]]]},"properties":{"id":"48.52573,25.02099","name":"Будинок","address":"Юрія Шкрібляка, 7","period":null,"color":"gold"}},{"type":"Feature","geometry":{"type":"Polygon","coordinates":[[[25.0477723,48.5319796],[25.0477664,48.5319704],[25.0478264,48.5319536],[25.0478323,48.5319628],[25.0478895,48.5319468],[25.0479922,48.5321075],[25.0479104,48.5321304],[25.0478903,48.5320988],[25.0478437,48.5321119],[25.0478225,48.5320789],[25.0477759,48.5320919],[25.0477146,48.5319958],[25.0477723,48.5319796]]]},"properties":{"id":"48.53202,25.04784","name":"Міщанський будинок","address":"Юрія Шкрумеляка, 1","period":null,"color":"gold"}},{"type":"Feature","geometry":{"type":"Polygon","coordinates":[[[25.048439,48.5316172],[25.0484321,48.5316065],[25.0484805,48.5315929],[25.0484112,48.531485],[25.0482483,48.5315309],[25.0483175,48.5316388],[25.0483733,48.5316231],[25.0483802,48.5316338],[25.048439,48.5316172]]]},"properties":{"id":"48.53157,25.04836","name":"Міщанський будинок","address":"Юрія Шкрумеляка, 10","period":"1866—1913","color":"#B22222"}},{"type":"Feature","geometry":{"type":"Polygon","coordinates":[[[25.049186,48.5320335],[25.049388,48.5319721],[25.0493633,48.5319363],[25.0493716,48.5319338],[25.0493307,48.5318747],[25.0493153,48.5318794],[25.0492942,48.531849],[25.0491703,48.5318867],[25.0492132,48.5319486],[25.0491421,48.5319702],[25.049186,48.5320335]]]},"properties":{"id":"48.53193,25.04929","name":"Будинок","address":"Юрія Шкрумеляка, 11","period":"1866—1913","color":"#B22222"}},{"type":"Feature","geometry":{"type":"Polygon","coordinates":[[[25.0493111,48.5321692],[25.0494791,48.5321178],[25.0493931,48.5319946],[25.0492511,48.5320381],[25.0493026,48.5321119],[25.0492767,48.5321198],[25.0493111,48.5321692]]]},"properties":{"id":"48.53208,25.04937","name":"Будинок","address":"Юрія Шкрумеляка, 11а","period":"1866—1913","color":"#B22222"}},{"type":"Feature","geometry":{"type":"Polygon","coordinates":[[[25.0494041,48.5323103],[25.0495793,48.5322563],[25.0495594,48.5322279],[25.0495667,48.5322257],[25.0495356,48.5321815],[25.0495287,48.5321836],[25.0494973,48.5321389],[25.0493479,48.532185],[25.0493997,48.5322587],[25.0493735,48.5322667],[25.0494041,48.5323103]]]},"properties":{"id":"48.53222,25.04947","name":"Будинок","address":"Юрія Шкрумеляка, 11б","period":"1866—1913","color":"#B22222"}},{"type":"Feature","geometry":{"type":"Polygon","coordinates":[[[25.0494579,48.5315701],[25.0492902,48.5316221],[25.0494976,48.5319189],[25.0496651,48.5318582],[25.0494579,48.5315701]]]},"properties":{"id":"48.53173,25.04946","name":"Будинок","address":"Юрія Шкрумеляка, 13","period":"1866—1913","color":"#B22222"}},{"type":"Feature","geometry":{"type":"Polygon","coordinates":[[[25.0503581,48.5318943],[25.0496128,48.5320899],[25.0496175,48.5321007],[25.0496576,48.532167],[25.0504043,48.5319714],[25.0503581,48.5318943]]]},"properties":{"id":"48.53203,25.05","name":"Будинок","address":"Юрія Шкрумеляка, 13а","period":"1866—1913","color":"#B22222"}},{"type":"Feature","geometry":{"type":"Polygon","coordinates":[[[25.0488304,48.5314403],[25.0489178,48.5314166],[25.0489071,48.5313992],[25.0490031,48.5313732],[25.0490439,48.5314392],[25.049087,48.5314275],[25.0490263,48.5313294],[25.0489867,48.5313401],[25.0489506,48.5312817],[25.0489422,48.531284],[25.0488995,48.531215],[25.048805,48.5312406],[25.0488484,48.5313107],[25.0487643,48.5313335],[25.0488304,48.5314403]]]},"properties":{"id":"48.53136,25.04889","name":"Будинок","address":"Юрія Шкрумеляка, 14","period":null,"color":"gold"}},{"type":"Feature","geometry":{"type":"Polygon","coordinates":[[[25.0498847,48.5314591],[25.0500614,48.5317462],[25.050238,48.5316985],[25.0500614,48.5314114],[25.0498847,48.5314591]]]},"properties":{"id":"48.53158,25.05006","name":"Будинок","address":"Юрія Шкрумеляка, 15","period":"1866—1913","color":"#B22222"}},{"type":"Feature","geometry":{"type":"Polygon","coordinates":[[[25.0515969,48.5310489],[25.0516321,48.5310395],[25.0516372,48.5310479],[25.0516938,48.5310328],[25.0516885,48.531024],[25.0517322,48.5310123],[25.0516771,48.5309219],[25.051542,48.5309579],[25.0515785,48.5310177],[25.0515138,48.531035],[25.0515482,48.5310916],[25.0516125,48.5310745],[25.0515969,48.5310489]]]},"properties":{"id":"48.53099,25.05164","name":"Будинок","address":"Юрія Шкрумеляка, 19","period":"1866—1913","color":"#B22222"}},{"type":"Feature","geometry":{"type":"Polygon","coordinates":[[[25.0525732,48.5308177],[25.0525923,48.5308491],[25.0526703,48.5308283],[25.052594,48.530703],[25.0524723,48.5307355],[25.0525294,48.5308293],[25.0525732,48.5308177]]]},"properties":{"id":"48.53077,25.05256","name":"Міщанський будинок","address":"Юрія Шкрумеляка, 25","period":"1866—1913","color":"#B22222"}},{"type":"Feature","geometry":{"type":"Polygon","coordinates":[[[25.0528004,48.530766],[25.0528804,48.5307461],[25.0528738,48.5307344],[25.0529343,48.5307194],[25.052883,48.5306288],[25.0527173,48.53067],[25.052761,48.5307472],[25.0527862,48.530741],[25.0528004,48.530766]]]},"properties":{"id":"48.5307,25.05283","name":"Будинок","address":"Юрія Шкрумеляка, 27","period":null,"color":"gold"}},{"type":"Feature","geometry":{"type":"Polygon","coordinates":[[[25.0531833,48.5305504],[25.0533173,48.5305164],[25.0533653,48.5305993],[25.0532312,48.5306333],[25.0531833,48.5305504]]]},"properties":{"id":"48.53058,25.05328","name":"Будинок","address":"Юрія Шкрумеляка, 29","period":"1866—1913","color":"#B22222"}},{"type":"Feature","geometry":{"type":"Polygon","coordinates":[[[25.0484701,48.5320187],[25.0485543,48.5319949],[25.0484314,48.5318036],[25.0482509,48.5318544],[25.0483169,48.5319573],[25.0484133,48.5319302],[25.0484701,48.5320187]]]},"properties":{"id":"48.53189,25.04838","name":"Міщанський будинок","address":"Юрія Шкрумеляка, 3","period":null,"color":"gold"}},{"type":"Feature","geometry":{"type":"Polygon","coordinates":[[[25.0541531,48.5301367],[25.0540892,48.530037],[25.0541682,48.5300148],[25.0541601,48.5300021],[25.054249,48.5299771],[25.0543213,48.5300899],[25.0542719,48.5301037],[25.054278,48.5301132],[25.0542184,48.53013],[25.0542121,48.5301202],[25.0541531,48.5301367]]]},"properties":{"id":"48.53007,25.05421","name":"Міщанський будинок","address":"Юрія Шкрумеляка, 32","period":"1866—1913","color":"#B22222"}},{"type":"Feature","geometry":{"type":"Polygon","coordinates":[[[25.0536426,48.5305897],[25.053739,48.5305659],[25.053716,48.5305249],[25.0538096,48.5305019],[25.0537602,48.5304139],[25.0536899,48.5304312],[25.0536836,48.53042],[25.0536311,48.5304329],[25.0536377,48.5304447],[25.0535705,48.5304613],[25.0536426,48.5305897]]]},"properties":{"id":"48.53049,25.05369","name":"Будинок","address":"Юрія Шкрумеляка, 33","period":"1866—1913","color":"#B22222"}},{"type":"Feature","geometry":{"type":"Polygon","coordinates":[[[25.0546632,48.5299899],[25.054613,48.5299052],[25.0544474,48.5299483],[25.0544977,48.530033],[25.0546632,48.5299899]]]},"properties":{"id":"48.52997,25.05456","name":"Міщанський будинок","address":"Юрія Шкрумеляка, 34","period":"1866—1913","color":"#B22222"}},{"type":"Feature","geometry":{"type":"Polygon","coordinates":[[[25.0538767,48.530499],[25.0539725,48.5304752],[25.0539537,48.530442],[25.0540456,48.5304192],[25.0539988,48.5303366],[25.0538112,48.5303833],[25.0538767,48.530499]]]},"properties":{"id":"48.5304,25.05392","name":"Будинок","address":"Юрія Шкрумеляка, 35","period":"1866—1913","color":"#B22222"}},{"type":"Feature","geometry":{"type":"Polygon","coordinates":[[[25.0541088,48.5302978],[25.0541632,48.5303895],[25.0543243,48.5303476],[25.0542699,48.530256],[25.0541088,48.5302978]]]},"properties":{"id":"48.53032,25.05422","name":"Будинок","address":"Юрія Шкрумеляка, 37","period":"1866—1913","color":"#B22222"}},{"type":"Feature","geometry":{"type":"Polygon","coordinates":[[[25.0477189,48.5317848],[25.0478408,48.5317535],[25.0478095,48.5317001],[25.0477578,48.5317134],[25.0477502,48.5317005],[25.047774,48.5316944],[25.0477465,48.5316475],[25.0476525,48.5316716],[25.0477189,48.5317848]]]},"properties":{"id":"48.53174,25.04776","name":"Міщанський будинок","address":"Юрія Шкрумеляка, 4","period":null,"color":"gold"}},{"type":"Feature","geometry":{"type":"Polygon","coordinates":[[[25.0479305,48.5317435],[25.0479869,48.5317276],[25.0479938,48.5317383],[25.0480409,48.531725],[25.0480354,48.5317163],[25.0480882,48.5317014],[25.0480204,48.5315963],[25.047864,48.5316406],[25.0479305,48.5317435]]]},"properties":{"id":"48.53168,25.04798","name":"Міщанський будинок","address":"Юрія Шкрумеляка, 6","period":"1866—1913","color":"#B22222"}},{"type":"Feature","geometry":{"type":"Polygon","coordinates":[[[25.0486814,48.5317273],[25.0486301,48.5317421],[25.0486926,48.5318367],[25.0488474,48.5317918],[25.0487878,48.5317018],[25.0487206,48.5317213],[25.0487107,48.5317063],[25.0486744,48.5317168],[25.0486814,48.5317273]]]},"properties":{"id":"48.53177,25.04873","name":"Міщанський будинок","address":"Юрія Шкрумеляка, 7","period":null,"color":"gold"}},{"type":"Feature","geometry":{"type":"Polygon","coordinates":[[[25.0481186,48.5316853],[25.0481616,48.5316734],[25.0481688,48.531685],[25.0482192,48.5316711],[25.0482115,48.5316589],[25.048258,48.5316461],[25.0482102,48.53157],[25.0480704,48.5316085],[25.0481186,48.5316853]]]},"properties":{"id":"48.53163,25.04817","name":"Міщанський будинок","address":"Юрія Шкрумеляка, 8","period":"1866—1913","color":"#B22222"}},{"type":"Feature","geometry":{"type":"Polygon","coordinates":[[[25.049102,48.5317276],[25.0491304,48.5317203],[25.049157,48.5317662],[25.0492268,48.5317484],[25.0491421,48.5316023],[25.049058,48.5316237],[25.0490514,48.5316124],[25.048949,48.5316384],[25.0489565,48.5316512],[25.0488991,48.5316658],[25.0488855,48.5316424],[25.0488283,48.531657],[25.0489144,48.5318055],[25.0489274,48.5318022],[25.0489483,48.5317969],[25.0489582,48.531814],[25.0489784,48.5318089],[25.0490107,48.5318646],[25.0490451,48.5318558],[25.0490814,48.5318466],[25.0490449,48.5317836],[25.0490261,48.5317884],[25.0490056,48.531753],[25.0490654,48.5317377],[25.049093,48.5317853],[25.04913,48.5317758],[25.049102,48.5317276]]]},"properties":{"id":"48.53169,25.04902","name":"Міщанський будинок","address":"Юрія Шкрумеляка, 9","period":null,"color":"gold"}},{"type":"Feature","geometry":{"type":"Polygon","coordinates":[[[25.0388643,48.526958],[25.0387419,48.526979],[25.03871,48.5269301],[25.0388329,48.5269011],[25.0388472,48.5269271],[25.0388643,48.526958]]]},"properties":{"id":"48.52694,25.03878","name":"Кам'яниця","address":"Якова Головацького, 3","period":"1866—1913","color":"#B22222"}},{"type":"Feature","geometry":{"type":"Polygon","coordinates":[[[25.0388151,48.5271699],[25.0388995,48.5271616],[25.038889,48.5271243],[25.038932,48.5271191],[25.03894,48.5271484],[25.0390363,48.5271327],[25.0389799,48.5270055],[25.0387861,48.5270421],[25.0388101,48.5271477],[25.0388151,48.5271699]]]},"properties":{"id":"48.52708,25.03891","name":"Кам'яниця","address":"Якова Головацького, 4","period":"1866—1913","color":"#B22222"}},{"type":"Feature","geometry":{"type":"Polygon","coordinates":[[[25.0385419,48.5270183],[25.0387419,48.526979],[25.03871,48.5269301],[25.0386844,48.5269357],[25.0386494,48.5268851],[25.0384896,48.5269249],[25.0385419,48.5270183]]]},"properties":{"id":"48.52696,25.0386","name":"Кам'яниця","address":"Якова Головацького, 5","period":"1866—1913","color":"#B22222"}},{"type":"Feature","geometry":{"type":"Polygon","coordinates":[[[25.0386671,48.5272716],[25.0388497,48.5272457],[25.0388409,48.5272195],[25.038801,48.5272253],[25.0387972,48.5272114],[25.038748,48.5272189],[25.0387297,48.5271623],[25.0388101,48.5271477],[25.0387861,48.5270421],[25.0385967,48.527078],[25.0385802,48.5270947],[25.0386671,48.5272716]]]},"properties":{"id":"48.52713,25.03867","name":"Кам'яниця","address":"Якова Головацького, 6","period":"1866—1913","color":"#B22222"}},{"type":"Feature","geometry":{"type":"Polygon","coordinates":[[[25.0391682,48.5238701],[25.0393172,48.5238357],[25.0393049,48.5238112],[25.0393371,48.5238059],[25.0393156,48.523749],[25.0393425,48.5237455],[25.0393371,48.523733],[25.0391306,48.5237632],[25.0391682,48.5238701]]]},"properties":{"id":"48.52381,25.03923","name":"Кам'яниця","address":"Якова Оренштайна, 1","period":null,"color":"gold"}},{"type":"Feature","geometry":{"type":"Polygon","coordinates":[[[25.0392204,48.5231306],[25.0392007,48.5232151],[25.0390307,48.5232098],[25.0390549,48.5231138],[25.0392204,48.5231306]]]},"properties":{"id":"48.52318,25.03912","name":"Кам'яниця","address":"Якова Оренштайна, 17","period":null,"color":"gold"}},{"type":"Feature","geometry":{"type":"Polygon","coordinates":[[[25.0388033,48.5233103],[25.0388704,48.5233103],[25.0388942,48.5231993],[25.0387273,48.5231964],[25.0387202,48.5232356],[25.0386102,48.5232321],[25.0386102,48.5232392],[25.0385056,48.5232374],[25.0385137,48.5232694],[25.0385244,48.5232836],[25.0385593,48.5233031],[25.0388033,48.5233103]]]},"properties":{"id":"48.52326,25.03881","name":"Кам'яниця","address":"Якова Оренштайна, 18","period":null,"color":"gold"}},{"type":"Feature","geometry":{"type":"Polygon","coordinates":[[[25.0390727,48.523041],[25.0392452,48.5230583],[25.039228,48.5231314],[25.0392204,48.5231306],[25.0390549,48.5231138],[25.0390727,48.523041]]]},"properties":{"id":"48.52309,25.03914","name":"Кам'яниця","address":"Якова Оренштайна, 19","period":null,"color":"gold"}},{"type":"Feature","geometry":{"type":"Polygon","coordinates":[[[25.0386796,48.5230559],[25.0387351,48.5230651],[25.0389152,48.5230867],[25.0389311,48.5230207],[25.0387769,48.5229974],[25.0387721,48.5230242],[25.0386919,48.5230128],[25.0386796,48.5230559]]]},"properties":{"id":"48.52307,25.03884","name":"Кам'яниця","address":"Якова Оренштайна, 20","period":null,"color":"gold"}},{"type":"Feature","geometry":{"type":"Polygon","coordinates":[[[25.0392362,48.5229942],[25.0392214,48.5230544],[25.0390728,48.5230383],[25.0390877,48.5229781],[25.0392362,48.5229942]]]},"properties":{"id":"48.52301,25.03914","name":"Кам'яниця","address":"Якова Оренштайна, 21","period":null,"color":"gold"}},{"type":"Feature","geometry":{"type":"Polygon","coordinates":[[[25.0389451,48.5229696],[25.0389294,48.5230177],[25.0387436,48.5229912],[25.0387592,48.5229431],[25.0389451,48.5229696]]]},"properties":{"id":"48.52298,25.03886","name":"Кам'яниця","address":"Якова Оренштайна, 22","period":null,"color":"gold"}},{"type":"Feature","geometry":{"type":"Polygon","coordinates":[[[25.0390903,48.5229763],[25.0392244,48.5229905],[25.0392325,48.5229638],[25.0392593,48.5229656],[25.0392727,48.522923],[25.0391118,48.5228981],[25.0390903,48.5229763]]]},"properties":{"id":"48.52295,25.03916","name":"Кам'яниця","address":"Якова Оренштайна, 23","period":null,"color":"gold"}},{"type":"Feature","geometry":{"type":"Polygon","coordinates":[[[25.0389452,48.5229661],[25.0389672,48.5228906],[25.0389646,48.5228696],[25.0389573,48.5228615],[25.0389197,48.5228495],[25.0388164,48.5228351],[25.0387968,48.522895],[25.0388106,48.5228974],[25.0387953,48.5229461],[25.0389452,48.5229661]]]},"properties":{"id":"48.52291,25.03889","name":"Кам'яниця","address":"Якова Оренштайна, 24","period":null,"color":"gold"}},{"type":"Feature","geometry":{"type":"Polygon","coordinates":[[[25.0390192,48.5238618],[25.0390478,48.5239241],[25.0388725,48.5239707],[25.0388415,48.5239094],[25.0390192,48.5238618]]]},"properties":{"id":"48.52391,25.03896","name":"Кам'яниця","address":"Якова Оренштайна, 4","period":null,"color":"gold"}},{"type":"Feature","geometry":{"type":"Polygon","coordinates":[[[25.0390956,48.5236731],[25.0392303,48.5236605],[25.0392278,48.523651],[25.0392575,48.523647],[25.039246,48.5235922],[25.0390764,48.5236093],[25.0390956,48.5236731]]]},"properties":{"id":"48.52363,25.03916","name":"Кам'яниця","address":"Якова Оренштайна, 5","period":null,"color":"gold"}},{"type":"Feature","geometry":{"type":"Polygon","coordinates":[[[25.0389133,48.5236055],[25.0389464,48.5236911],[25.0387663,48.5237217],[25.0387332,48.5236361],[25.0389133,48.5236055]]]},"properties":{"id":"48.52365,25.03885","name":"Єзупольська Божниця (синагога)","address":"Якова Оренштайна, 8","period":"1405—1771","color":"#640000"}},{"type":"Feature","geometry":{"type":"Polygon","coordinates":[[[25.0392321,48.5235927],[25.0390773,48.5236069],[25.0390532,48.5234917],[25.039208,48.5234775],[25.0392321,48.5235927]]]},"properties":{"id":"48.52355,25.03914","name":"Кам'яниця","address":"Якова Оренштайна, 9","period":null,"color":"gold"}},{"type":"Feature","geometry":{"type":"Polygon","coordinates":[[[25.0391762,48.5267085],[25.0393317,48.5266552],[25.0392942,48.5265984],[25.0393398,48.5265824],[25.0393505,48.5265895],[25.0393854,48.5266446],[25.0395007,48.5266055],[25.0394256,48.5264954],[25.0390966,48.5265796],[25.0390872,48.5265978],[25.0391762,48.5267085]]]},"properties":{"id":"48.52655,25.03941","name":"Кам'яниця","address":"","period":"1866—1913","color":"#B22222"}}]}